{
    "ccCode": 
    [
        { "ccCode": "1000" , "ccLicense" : 0 ,"name": "Free" , "url": "http://creativecommons.org/licenses/by/4.0" },
        { "ccCode": "1100" , "ccLicense" : 1 ,"name": "Non-Commercial" , "url": "http://creativecommons.org/licenses/by-nc/4.0" },
        { "ccCode": "1110" , "ccLicense" : 2 ,"name": "Non-Derivative" , "url": "http://creativecommons.org/licenses/by-nc-nd/4.0" },
        { "ccCode": "1101" , "ccLicense" : 2 ,"name": "Non-Derivative" , "url": "http://creativecommons.org/licenses/by-nc-sa/4.0" },
        { "ccCode": "1010" , "ccLicense" : 2 ,"name": "Non-Derivative" , "url": "http://creativecommons.org/licenses/by-nd/4.0" },
        { "ccCode": "0" , "ccLicense" : 0 ,"name": "Free" , "url": "#" }
    ]
}