{"country": 
    
    [
        {
            "countryCode": "0",
            "utc": "4",
            "continent": "asia",
            "region": "south_asia",
            "name": "Afghanistan"
        },
        {
            "countryCode": "1",
            "utc": "1",
            "continent": "europe",
            "region": "south_east_europe",
            "name": "Albania"
        },
        {
            "countryCode": "2",
            "utc": "1",
            "continent": "africa",
            "region": "northern_africa",
            "name": "Algeria"
        },
        {
            "countryCode": "3",
            "utc": "-11",
            "continent": "oceania",
            "region": "pacific",
            "name": "American Samoa"
        },
        {
            "countryCode": "4",
            "utc": "1",
            "continent": "europe",
            "region": "south_west_europe",
            "name": "Andorra"
        },
        {
            "countryCode": "5",
            "utc": "1",
            "continent": "africa",
            "region": "southern_africa",
            "name": "Angola"
        },
        {
            "countryCode": "6",
            "utc": "-4",
            "continent": "americas",
            "region": "west_indies",
            "name": "Anguilla"
        },
        {
            "countryCode": "7",
            "utc": "0",
            "continent": "undecided",
            "region": "undecided",
            "name": "Antarctica"
        },
        {
            "countryCode": "8",
            "utc": "-4",
            "continent": "americas",
            "region": "west_indies",
            "name": "Antigua and Barbuda"
        },
        {
            "countryCode": "9",
            "utc": "-3",
            "continent": "americas",
            "region": "south_america",
            "name": "Argentina"
        },
        {
            "countryCode": "10",
            "utc": "4",
            "continent": "asia",
            "region": "south_west_asia",
            "name": "Armenia"
        },
        {
            "countryCode": "11",
            "utc": "-4",
            "continent": "americas",
            "region": "west_indies",
            "name": "Aruba"
        },
        {
            "countryCode": "12",
            "utc": "10",
            "continent": "oceania",
            "region": "pacific",
            "name": "Australia"
        },
        {
            "countryCode": "13",
            "utc": "1",
            "continent": "europe",
            "region": "central_europe",
            "name": "Austria"
        },
        {
            "countryCode": "14",
            "utc": "4",
            "continent": "asia",
            "region": "south_asia",
            "name": "Azerbaijan"
        },
        {
            "countryCode": "15",
            "utc": "-5",
            "continent": "americas",
            "region": "west_indies",
            "name": "Bahamas"
        },
        {
            "countryCode": "16",
            "utc": "3",
            "continent": "asia",
            "region": "south_west_asia",
            "name": "Bahrain"
        },
        {
            "countryCode": "17",
            "utc": "6",
            "continent": "asia",
            "region": "south_asia",
            "name": "Bangladesh"
        },
        {
            "countryCode": "18",
            "utc": "-4",
            "continent": "americas",
            "region": "west_indies",
            "name": "Barbados"
        },
        {
            "countryCode": "19",
            "utc": "3",
            "continent": "europe",
            "region": "eastern_europe",
            "name": "Belarus"
        },
        {
            "countryCode": "20",
            "utc": "1",
            "continent": "europe",
            "region": "western_europe",
            "name": "Belgium"
        },
        {
            "countryCode": "21",
            "utc": "-6",
            "continent": "americas",
            "region": "central_america",
            "name": "Belize"
        },
        {
            "countryCode": "22",
            "utc": "1",
            "continent": "africa",
            "region": "western_africa",
            "name": "Benin"
        },
        {
            "countryCode": "23",
            "utc": "-4",
            "continent": "americas",
            "region": "west_indies",
            "name": "Bermuda"
        },
        {
            "countryCode": "24",
            "utc": "6",
            "continent": "asia",
            "region": "south_asia",
            "name": "Bhutan"
        },
        {
            "countryCode": "25",
            "utc": "-4",
            "continent": "americas",
            "region": "south_america",
            "name": "Bolivia"
        },
        {
            "countryCode": "26",
            "utc": "1",
            "continent": "europe",
            "region": "south_east_europe",
            "name": "Bosnia and Herzegovina"
        },
        {
            "countryCode": "27",
            "utc": "2",
            "continent": "africa",
            "region": "southern_africa",
            "name": "Botswana"
        },
        {
            "countryCode": "28",
            "utc": "-3",
            "continent": "americas",
            "region": "south_america",
            "name": "Brazil"
        },
        {
            "countryCode": "29",
            "utc": "6",
            "continent": "asia",
            "region": "south_asia",
            "name": "British Indian Ocean Territory"
        },
        {
            "countryCode": "30",
            "utc": "-4",
            "continent": "americas",
            "region": "west_indies",
            "name": "British Virgin Islands"
        },
        {
            "countryCode": "31",
            "utc": "8",
            "continent": "asia",
            "region": "south_east_asia",
            "name": "Brunei"
        },
        {
            "countryCode": "32",
            "utc": "2",
            "continent": "europe",
            "region": "south_east_europe",
            "name": "Bulgaria"
        },
        {
            "countryCode": "33",
            "utc": "0",
            "continent": "africa",
            "region": "western_africa",
            "name": "Burkina Faso"
        },
        {
            "countryCode": "34",
            "utc": "2",
            "continent": "africa",
            "region": "central_africa",
            "name": "Burundi"
        },
        {
            "countryCode": "35",
            "utc": "7",
            "continent": "asia",
            "region": "south_east_asia",
            "name": "Cambodia"
        },
        {
            "countryCode": "36",
            "utc": "1",
            "continent": "africa",
            "region": "western_africa",
            "name": "Cameroon"
        },
        {
            "countryCode": "37",
            "utc": "-5",
            "continent": "americas",
            "region": "north_america",
            "name": "Canada"
        },
        {
            "countryCode": "38",
            "utc": "-1",
            "continent": "africa",
            "region": "western_africa",
            "name": "Cape Verde"
        },
        {
            "countryCode": "39",
            "utc": "-5",
            "continent": "americas",
            "region": "west_indies",
            "name": "Cayman Islands"
        },
        {
            "countryCode": "40",
            "utc": "1",
            "continent": "africa",
            "region": "central_africa",
            "name": "Central African Republic"
        },
        {
            "countryCode": "41",
            "utc": "1",
            "continent": "africa",
            "region": "central_africa",
            "name": "Chad"
        },
        {
            "countryCode": "42",
            "utc": "-4",
            "continent": "americas",
            "region": "south_america",
            "name": "Chile"
        },
        {
            "countryCode": "43",
            "utc": "8",
            "continent": "asia",
            "region": "east_asia",
            "name": "China"
        },
        {
            "countryCode": "44",
            "utc": "7",
            "continent": "asia",
            "region": "south_east_asia",
            "name": "Christmas Island"
        },
        {
            "countryCode": "45",
            "utc": "6",
            "continent": "asia",
            "region": "south_east_asia",
            "name": "Cocos Islands"
        },
        {
            "countryCode": "46",
            "utc": "-5",
            "continent": "americas",
            "region": "south_america",
            "name": "Colombia"
        },
        {
            "countryCode": "47",
            "utc": "3",
            "continent": "africa",
            "region": "indian_ocean",
            "name": "Comoros"
        },
        {
            "countryCode": "48",
            "utc": "-10",
            "continent": "oceania",
            "region": "pacific",
            "name": "Cook Islands"
        },
        {
            "countryCode": "49",
            "utc": "-6",
            "continent": "americas",
            "region": "central_america",
            "name": "Costa Rica"
        },
        {
            "countryCode": "50",
            "utc": "1",
            "continent": "europe",
            "region": "south_east_europe",
            "name": "Croatia"
        },
        {
            "countryCode": "51",
            "utc": "-5",
            "continent": "americas",
            "region": "west_indies",
            "name": "Cuba"
        },
        {
            "countryCode": "52",
            "utc": "-4",
            "continent": "americas",
            "region": "south_america",
            "name": "Curacao"
        },
        {
            "countryCode": "53",
            "utc": "2",
            "continent": "asia",
            "region": "south_west_asia",
            "name": "Cyprus"
        },
        {
            "countryCode": "54",
            "utc": "1",
            "continent": "europe",
            "region": "central_europe",
            "name": "Czech Republic"
        },
        {
            "countryCode": "55",
            "utc": "1",
            "continent": "americas",
            "region": "west_indies",
            "name": "Democratic Republic of the Congo"
        },
        {
            "countryCode": "56",
            "utc": "1",
            "continent": "europe",
            "region": "northern_europe",
            "name": "Denmark"
        },
        {
            "countryCode": "57",
            "utc": "3",
            "continent": "africa",
            "region": "eastern_africa",
            "name": "Djibouti"
        },
        {
            "countryCode": "58",
            "utc": "-4",
            "continent": "americas",
            "region": "west_indies",
            "name": "Dominica"
        },
        {
            "countryCode": "59",
            "utc": "-4",
            "continent": "americas",
            "region": "west_indies",
            "name": "Dominican Republic"
        },
        {
            "countryCode": "60",
            "utc": "9",
            "continent": "oceania",
            "region": "pacific",
            "name": "East Timor"
        },
        {
            "countryCode": "61",
            "utc": "-5",
            "continent": "americas",
            "region": "south_america",
            "name": "Ecuador"
        },
        {
            "countryCode": "62",
            "utc": "2",
            "continent": "africa",
            "region": "northern_africa",
            "name": "Egypt"
        },
        {
            "countryCode": "63",
            "utc": "-6",
            "continent": "americas",
            "region": "central_america",
            "name": "El Salvador"
        },
        {
            "countryCode": "64",
            "utc": "1",
            "continent": "africa",
            "region": "western_africa",
            "name": "Equatorial Guinea"
        },
        {
            "countryCode": "65",
            "utc": "3",
            "continent": "africa",
            "region": "eastern_africa",
            "name": "Eritrea"
        },
        {
            "countryCode": "66",
            "utc": "2",
            "continent": "europe",
            "region": "eastern_europe",
            "name": "Estonia"
        },
        {
            "countryCode": "67",
            "utc": "3",
            "continent": "africa",
            "region": "eastern_africa",
            "name": "Ethiopia"
        },
        {
            "countryCode": "68",
            "utc": "-3",
            "continent": "americas",
            "region": "south_america",
            "name": "Falkland Islands"
        },
        {
            "countryCode": "69",
            "utc": "0",
            "continent": "europe",
            "region": "northern_europe",
            "name": "Faroe Islands"
        },
        {
            "countryCode": "70",
            "utc": "12",
            "continent": "oceania",
            "region": "pacific",
            "name": "Fiji"
        },
        {
            "countryCode": "71",
            "utc": "2",
            "continent": "europe",
            "region": "northern_europe",
            "name": "Finland"
        },
        {
            "countryCode": "72",
            "utc": "1",
            "continent": "europe",
            "region": "western_europe",
            "name": "France"
        },
        {
            "countryCode": "73",
            "utc": "-3",
            "continent": "americas",
            "region": "south_america",
            "name": "French Guiana"
        },
        {
            "countryCode": "74",
            "utc": "-10",
            "continent": "oceania",
            "region": "pacific",
            "name": "French polynesia"
        },
        {
            "countryCode": "75",
            "utc": "1",
            "continent": "africa",
            "region": "western_africa",
            "name": "Gabon"
        },
        {
            "countryCode": "76",
            "utc": "0",
            "continent": "africa",
            "region": "western_africa",
            "name": "Gambia"
        },
        {
            "countryCode": "77",
            "utc": "4",
            "continent": "asia",
            "region": "south_west_asia",
            "name": "Georgia"
        },
        {
            "countryCode": "78",
            "utc": "1",
            "continent": "europe",
            "region": "western_europe",
            "name": "Germany"
        },
        {
            "countryCode": "79",
            "utc": "0",
            "continent": "africa",
            "region": "western_africa",
            "name": "Ghana"
        },
        {
            "countryCode": "80",
            "utc": "1",
            "continent": "europe",
            "region": "south_west_europe",
            "name": "Gibraltar"
        },
        {
            "countryCode": "81",
            "utc": "2",
            "continent": "europe",
            "region": "south_east_europe",
            "name": "Greece"
        },
        {
            "countryCode": "82",
            "utc": "-4",
            "continent": "americas",
            "region": "north_america",
            "name": "Greenland"
        },
        {
            "countryCode": "83",
            "utc": "-4",
            "continent": "americas",
            "region": "west_indies",
            "name": "Grenada"
        },
        {
            "countryCode": "84",
            "utc": "10",
            "continent": "oceania",
            "region": "pacific",
            "name": "Guam"
        },
        {
            "countryCode": "85",
            "utc": "-6",
            "continent": "americas",
            "region": "central_america",
            "name": "Guatemala"
        },
        {
            "countryCode": "86",
            "utc": "0",
            "continent": "europe",
            "region": "western_europe",
            "name": "Guernsey"
        },
        {
            "countryCode": "87",
            "utc": "0",
            "continent": "africa",
            "region": "western_africa",
            "name": "Guinea"
        },
        {
            "countryCode": "88",
            "utc": "0",
            "continent": "africa",
            "region": "western_africa",
            "name": "Guinea-Bissau"
        },
        {
            "countryCode": "89",
            "utc": "-4",
            "continent": "americas",
            "region": "south_america",
            "name": "Guyana"
        },
        {
            "countryCode": "90",
            "utc": "-5",
            "continent": "americas",
            "region": "west_indies",
            "name": "Haiti"
        },
        {
            "countryCode": "91",
            "utc": "-6",
            "continent": "americas",
            "region": "central_america",
            "name": "Honduras"
        },
        {
            "countryCode": "92",
            "utc": "8",
            "continent": "asia",
            "region": "east_asia",
            "name": "Hong Kong"
        },
        {
            "countryCode": "93",
            "utc": "1",
            "continent": "europe",
            "region": "central_europe",
            "name": "Hungary"
        },
        {
            "countryCode": "94",
            "utc": "0",
            "continent": "europe",
            "region": "northern_europe",
            "name": "Iceland"
        },
        {
            "countryCode": "95",
            "utc": "5",
            "continent": "asia",
            "region": "south_asia",
            "name": "India"
        },
        {
            "countryCode": "96",
            "utc": "7",
            "continent": "asia",
            "region": "south_east_asia",
            "name": "Indonesia"
        },
        {
            "countryCode": "97",
            "utc": "3",
            "continent": "asia",
            "region": "south_west_asia",
            "name": "Iran"
        },
        {
            "countryCode": "98",
            "utc": "3",
            "continent": "asia",
            "region": "south_west_asia",
            "name": "Iraq"
        },
        {
            "countryCode": "99",
            "utc": "0",
            "continent": "europe",
            "region": "western_europe",
            "name": "Ireland"
        },
        {
            "countryCode": "100",
            "utc": "0",
            "continent": "europe",
            "region": "western_europe",
            "name": "Isle of Man"
        },
        {
            "countryCode": "101",
            "utc": "2",
            "continent": "asia",
            "region": "south_west_asia",
            "name": "Israel"
        },
        {
            "countryCode": "102",
            "utc": "1",
            "continent": "europe",
            "region": "southern_europe",
            "name": "Italy"
        },
        {
            "countryCode": "103",
            "utc": "0",
            "continent": "africa",
            "region": "western_africa",
            "name": "Ivory Coast"
        },
        {
            "countryCode": "104",
            "utc": "-5",
            "continent": "americas",
            "region": "west_indies",
            "name": "Jamaica"
        },
        {
            "countryCode": "105",
            "utc": "9",
            "continent": "asia",
            "region": "east_asia",
            "name": "Japan"
        },
        {
            "countryCode": "106",
            "utc": "0",
            "continent": "europe",
            "region": "western_europe",
            "name": "Jersey"
        },
        {
            "countryCode": "107",
            "utc": "2",
            "continent": "asia",
            "region": "south_west_asia",
            "name": "Jordan"
        },
        {
            "countryCode": "108",
            "utc": "5",
            "continent": "asia",
            "region": "central_asia",
            "name": "Kazakhstan"
        },
        {
            "countryCode": "109",
            "utc": "3",
            "continent": "africa",
            "region": "eastern_africa",
            "name": "Kenya"
        },
        {
            "countryCode": "110",
            "utc": "12",
            "continent": "oceania",
            "region": "pacific",
            "name": "Kiribati"
        },
        {
            "countryCode": "111",
            "utc": "1",
            "continent": "europe",
            "region": "southern_europe",
            "name": "Kosovo"
        },
        {
            "countryCode": "112",
            "utc": "3",
            "continent": "asia",
            "region": "south_west_asia",
            "name": "Kuwait"
        },
        {
            "countryCode": "113",
            "utc": "6",
            "continent": "asia",
            "region": "central_asia",
            "name": "Kyrgyzstan"
        },
        {
            "countryCode": "114",
            "utc": "7",
            "continent": "asia",
            "region": "south_east_asia",
            "name": "Laos"
        },
        {
            "countryCode": "115",
            "utc": "2",
            "continent": "europe",
            "region": "eastern_europe",
            "name": "Latvia"
        },
        {
            "countryCode": "116",
            "utc": "2",
            "continent": "asia",
            "region": "south_west_asia",
            "name": "Lebanon"
        },
        {
            "countryCode": "117",
            "utc": "2",
            "continent": "africa",
            "region": "southern_africa",
            "name": "Lesotho"
        },
        {
            "countryCode": "118",
            "utc": "0",
            "continent": "africa",
            "region": "western_africa",
            "name": "Liberia"
        },
        {
            "countryCode": "119",
            "utc": "2",
            "continent": "africa",
            "region": "northern_africa",
            "name": "Libya"
        },
        {
            "countryCode": "120",
            "utc": "1",
            "continent": "europe",
            "region": "central_europe",
            "name": "Liechtenstein"
        },
        {
            "countryCode": "121",
            "utc": "2",
            "continent": "europe",
            "region": "eastern_europe",
            "name": "Lithuania"
        },
        {
            "countryCode": "122",
            "utc": "1",
            "continent": "europe",
            "region": "western_europe",
            "name": "Luxembourg"
        },
        {
            "countryCode": "123",
            "utc": "8",
            "continent": "asia",
            "region": "east_asia",
            "name": "Macau"
        },
        {
            "countryCode": "124",
            "utc": "1",
            "continent": "europe",
            "region": "south_east_europe",
            "name": "Macedonia"
        },
        {
            "countryCode": "125",
            "utc": "3",
            "continent": "africa",
            "region": "indian_ocean",
            "name": "Madagascar"
        },
        {
            "countryCode": "126",
            "utc": "2",
            "continent": "africa",
            "region": "southern_africa",
            "name": "Malawi"
        },
        {
            "countryCode": "127",
            "utc": "8",
            "continent": "asia",
            "region": "south_east_asia",
            "name": "Malaysia"
        },
        {
            "countryCode": "128",
            "utc": "5",
            "continent": "asia",
            "region": "south_asia",
            "name": "Maldives"
        },
        {
            "countryCode": "129",
            "utc": "0",
            "continent": "africa",
            "region": "western_africa",
            "name": "Mali"
        },
        {
            "countryCode": "130",
            "utc": "1",
            "continent": "europe",
            "region": "southern_europe",
            "name": "Malta"
        },
        {
            "countryCode": "131",
            "utc": "12",
            "continent": "oceania",
            "region": "pacific",
            "name": "Marshall Islands"
        },
        {
            "countryCode": "132",
            "utc": "0",
            "continent": "africa",
            "region": "western_africa",
            "name": "Mauritania"
        },
        {
            "countryCode": "133",
            "utc": "4",
            "continent": "africa",
            "region": "indian_ocean",
            "name": "Mauritius"
        },
        {
            "countryCode": "134",
            "utc": "3",
            "continent": "africa",
            "region": "indian_ocean",
            "name": "Mayotte"
        },
        {
            "countryCode": "135",
            "utc": "-6",
            "continent": "americas",
            "region": "central_america",
            "name": "Mexico"
        },
        {
            "countryCode": "136",
            "utc": "11",
            "continent": "oceania",
            "region": "pacific",
            "name": "Micronesia"
        },
        {
            "countryCode": "137",
            "utc": "2",
            "continent": "europe",
            "region": "eastern_europe",
            "name": "Moldova"
        },
        {
            "countryCode": "138",
            "utc": "1",
            "continent": "europe",
            "region": "western_europe",
            "name": "Monaco"
        },
        {
            "countryCode": "139",
            "utc": "7",
            "continent": "asia",
            "region": "northern_asia",
            "name": "Mongolia"
        },
        {
            "countryCode": "140",
            "utc": "1",
            "continent": "europe",
            "region": "southern_europe",
            "name": "Montenegro"
        },
        {
            "countryCode": "141",
            "utc": "-4",
            "continent": "americas",
            "region": "west_indies",
            "name": "Montserrat"
        },
        {
            "countryCode": "142",
            "utc": "0",
            "continent": "africa",
            "region": "northern_africa",
            "name": "Morocco"
        },
        {
            "countryCode": "143",
            "utc": "2",
            "continent": "africa",
            "region": "southern_africa",
            "name": "Mozambique"
        },
        {
            "countryCode": "144",
            "utc": "6",
            "continent": "asia",
            "region": "south_east_asia",
            "name": "Myanmar"
        },
        {
            "countryCode": "145",
            "utc": "1",
            "continent": "africa",
            "region": "southern_africa",
            "name": "Namibia"
        },
        {
            "countryCode": "146",
            "utc": "12",
            "continent": "oceania",
            "region": "pacific",
            "name": "Nauru"
        },
        {
            "countryCode": "147",
            "utc": "6",
            "continent": "asia",
            "region": "south_asia",
            "name": "Nepal"
        },
        {
            "countryCode": "148",
            "utc": "1",
            "continent": "europe",
            "region": "western_europe",
            "name": "Netherlands"
        },
        {
            "countryCode": "149",
            "utc": "-4",
            "continent": "americas",
            "region": "west_indies",
            "name": "Netherlands Antilles"
        },
        {
            "countryCode": "150",
            "utc": "11",
            "continent": "oceania",
            "region": "pacific",
            "name": "New Caledonia"
        },
        {
            "countryCode": "151",
            "utc": "-11",
            "continent": "oceania",
            "region": "pacific",
            "name": "New Zealand"
        },
        {
            "countryCode": "152",
            "utc": "-6",
            "continent": "americas",
            "region": "central_america",
            "name": "Nicaragua"
        },
        {
            "countryCode": "153",
            "utc": "1",
            "continent": "africa",
            "region": "western_africa",
            "name": "Niger"
        },
        {
            "countryCode": "154",
            "utc": "1",
            "continent": "africa",
            "region": "western_africa",
            "name": "Nigeria"
        },
        {
            "countryCode": "155",
            "utc": "-11",
            "continent": "oceania",
            "region": "pacific",
            "name": "Niue"
        },
        {
            "countryCode": "156",
            "utc": "8",
            "continent": "asia",
            "region": "east_asia",
            "name": "North Korea"
        },
        {
            "countryCode": "157",
            "utc": "10",
            "continent": "oceania",
            "region": "pacific",
            "name": "Northern Mariana Islands"
        },
        {
            "countryCode": "158",
            "utc": "1",
            "continent": "europe",
            "region": "northern_europe",
            "name": "Norway"
        },
        {
            "countryCode": "159",
            "utc": "4",
            "continent": "asia",
            "region": "south_west_asia",
            "name": "Oman"
        },
        {
            "countryCode": "160",
            "utc": "5",
            "continent": "asia",
            "region": "central_asia",
            "name": "Pakistan"
        },
        {
            "countryCode": "161",
            "utc": "9",
            "continent": "oceania",
            "region": "pacific",
            "name": "Palau"
        },
        {
            "countryCode": "162",
            "utc": "2",
            "continent": "asia",
            "region": "south_west_asia",
            "name": "Palestine"
        },
        {
            "countryCode": "163",
            "utc": "-5",
            "continent": "americas",
            "region": "central_america",
            "name": "Panama"
        },
        {
            "countryCode": "164",
            "utc": "10",
            "continent": "oceania",
            "region": "pacific",
            "name": "Papua New Guinea"
        },
        {
            "countryCode": "165",
            "utc": "-4",
            "continent": "americas",
            "region": "south_america",
            "name": "Paraguay"
        },
        {
            "countryCode": "166",
            "utc": "-5",
            "continent": "americas",
            "region": "south_america",
            "name": "Peru"
        },
        {
            "countryCode": "167",
            "utc": "8",
            "continent": "asia",
            "region": "south_east_asia",
            "name": "Philippines"
        },
        {
            "countryCode": "168",
            "utc": "-8",
            "continent": "oceania",
            "region": "pacific",
            "name": "Pitcairn"
        },
        {
            "countryCode": "169",
            "utc": "1",
            "continent": "europe",
            "region": "eastern_europe",
            "name": "Poland"
        },
        {
            "countryCode": "170",
            "utc": "-1",
            "continent": "europe",
            "region": "south_west_europe",
            "name": "Portugal"
        },
        {
            "countryCode": "171",
            "utc": "-4",
            "continent": "americas",
            "region": "west_indies",
            "name": "Puerto Rico"
        },
        {
            "countryCode": "172",
            "utc": "3",
            "continent": "asia",
            "region": "south_west_asia",
            "name": "Qatar"
        },
        {
            "countryCode": "173",
            "utc": "1",
            "continent": "africa",
            "region": "central_africa",
            "name": "Republic of the Congo"
        },
        {
            "countryCode": "174",
            "utc": "4",
            "continent": "africa",
            "region": "indian_ocean",
            "name": "Reunion"
        },
        {
            "countryCode": "175",
            "utc": "2",
            "continent": "europe",
            "region": "south_east_europe",
            "name": "Romania"
        },
        {
            "countryCode": "176",
            "utc": "3",
            "continent": "asia",
            "region": "northern_asia",
            "name": "Russia"
        },
        {
            "countryCode": "177",
            "utc": "2",
            "continent": "africa",
            "region": "central_asia",
            "name": "Rwanda"
        },
        {
            "countryCode": "178",
            "utc": "-4",
            "continent": "americas",
            "region": "central_america",
            "name": "Saint Barthelemy"
        },
        {
            "countryCode": "179",
            "utc": "0",
            "continent": "africa",
            "region": "western_africa",
            "name": "Saint Helena"
        },
        {
            "countryCode": "180",
            "utc": "-4",
            "continent": "americas",
            "region": "west_indies",
            "name": "Saint Kitts and Nevis"
        },
        {
            "countryCode": "181",
            "utc": "-4",
            "continent": "americas",
            "region": "west_indies",
            "name": "Saint Lucia"
        },
        {
            "countryCode": "182",
            "utc": "-4",
            "continent": "americas",
            "region": "central_america",
            "name": "Saint Martin"
        },
        {
            "countryCode": "183",
            "utc": "-3",
            "continent": "americas",
            "region": "",
            "name": "Saint Pierre and Miquelon"
        },
        {
            "countryCode": "184",
            "utc": "-4",
            "continent": "americas",
            "region": "west_indies",
            "name": "Saint Vincent and the Grenadines"
        },
        {
            "countryCode": "185",
            "utc": "13",
            "continent": "oceania",
            "region": "pacific",
            "name": "Samoa"
        },
        {
            "countryCode": "186",
            "utc": "1",
            "continent": "europe",
            "region": "southern_europe",
            "name": "San Marino"
        },
        {
            "countryCode": "187",
            "utc": "0",
            "continent": "africa",
            "region": "western_africa",
            "name": "Sao Tome and Principe"
        },
        {
            "countryCode": "188",
            "utc": "3",
            "continent": "asia",
            "region": "south_west_asia",
            "name": "Saudi Arabia"
        },
        {
            "countryCode": "189",
            "utc": "0",
            "continent": "africa",
            "region": "western_africa",
            "name": "Senegal"
        },
        {
            "countryCode": "190",
            "utc": "1",
            "continent": "europe",
            "region": "south_east_europe",
            "name": "Serbia"
        },
        {
            "countryCode": "191",
            "utc": "4",
            "continent": "africa",
            "region": "indian_ocean",
            "name": "Seychelles"
        },
        {
            "countryCode": "192",
            "utc": "0",
            "continent": "africa",
            "region": "western_africa",
            "name": "Sierra Leone"
        },
        {
            "countryCode": "193",
            "utc": "8",
            "continent": "asia",
            "region": "south_east_asia",
            "name": "Singapore"
        },
        {
            "countryCode": "194",
            "utc": "-4",
            "continent": "americas",
            "region": "central_america",
            "name": "Sint Maarten"
        },
        {
            "countryCode": "195",
            "utc": "1",
            "continent": "europe",
            "region": "central_europe",
            "name": "Slovakia"
        },
        {
            "countryCode": "196",
            "utc": "1",
            "continent": "europe",
            "region": "south_east_europe",
            "name": "Slovenia"
        },
        {
            "countryCode": "197",
            "utc": "11",
            "continent": "oceania",
            "region": "pacific",
            "name": "Solomon Islands"
        },
        {
            "countryCode": "198",
            "utc": "3",
            "continent": "africa",
            "region": "eastern_africa",
            "name": "Somalia"
        },
        {
            "countryCode": "199",
            "utc": "2",
            "continent": "africa",
            "region": "southern_africa",
            "name": "South Africa"
        },
        {
            "countryCode": "200",
            "utc": "9",
            "continent": "asia",
            "region": "east_asia",
            "name": "South Korea"
        },
        {
            "countryCode": "201",
            "utc": "3",
            "continent": "africa",
            "region": "northern_africa",
            "name": "South Sudan"
        },
        {
            "countryCode": "202",
            "utc": "1",
            "continent": "europe",
            "region": "south_west_europe",
            "name": "Spain"
        },
        {
            "countryCode": "203",
            "utc": "5",
            "continent": "asia",
            "region": "south_asia",
            "name": "Sri Lanka"
        },
        {
            "countryCode": "204",
            "utc": "3",
            "continent": "africa",
            "region": "northern_africa",
            "name": "Sudan"
        },
        {
            "countryCode": "205",
            "utc": "-3",
            "continent": "americas",
            "region": "south_america",
            "name": "Suriname"
        },
        {
            "countryCode": "206",
            "utc": "1",
            "continent": "europe",
            "region": "northern_europe",
            "name": "Svalbard and Jan Mayen"
        },
        {
            "countryCode": "207",
            "utc": "2",
            "continent": "africa",
            "region": "northern_africa",
            "name": "Swaziland"
        },
        {
            "countryCode": "208",
            "utc": "1",
            "continent": "europe",
            "region": "northern_europe",
            "name": "Sweden"
        },
        {
            "countryCode": "209",
            "utc": "1",
            "continent": "europe",
            "region": "central_europe",
            "name": "Switzerland"
        },
        {
            "countryCode": "210",
            "utc": "2",
            "continent": "asia",
            "region": "south_west_asia",
            "name": "Syria"
        },
        {
            "countryCode": "211",
            "utc": "8",
            "continent": "asia",
            "region": "east_asia",
            "name": "Taiwan"
        },
        {
            "countryCode": "212",
            "utc": "5",
            "continent": "asia",
            "region": "central_asia",
            "name": "Tajikistan"
        },
        {
            "countryCode": "213",
            "utc": "3",
            "continent": "africa",
            "region": "eastern_africa",
            "name": "Tanzania"
        },
        {
            "countryCode": "214",
            "utc": "7",
            "continent": "asia",
            "region": "south_east_asia",
            "name": "Thailand"
        },
        {
            "countryCode": "215",
            "utc": "0",
            "continent": "africa",
            "region": "western_africa",
            "name": "Togo"
        },
        {
            "countryCode": "216",
            "utc": "13",
            "continent": "oceania",
            "region": "pacific",
            "name": "Tokelau"
        },
        {
            "countryCode": "217",
            "utc": "13",
            "continent": "oceania",
            "region": "pacific",
            "name": "Tonga"
        },
        {
            "countryCode": "218",
            "utc": "-4",
            "continent": "americas",
            "region": "west_indies",
            "name": "Trinidad and Tobago"
        },
        {
            "countryCode": "219",
            "utc": "1",
            "continent": "africa",
            "region": "northern_africa",
            "name": "Tunisia"
        },
        {
            "countryCode": "220",
            "utc": "2",
            "continent": "asia",
            "region": "south_west_asia",
            "name": "Turkey"
        },
        {
            "countryCode": "221",
            "utc": "5",
            "continent": "asia",
            "region": "central_asia",
            "name": "Turkmenistan"
        },
        {
            "countryCode": "222",
            "utc": "-4",
            "continent": "americas",
            "region": "west_indies",
            "name": "Turks and Caicos Islands"
        },
        {
            "countryCode": "223",
            "utc": "12",
            "continent": "oceania",
            "region": "pacific",
            "name": "Tuvalu"
        },
        {
            "countryCode": "224",
            "utc": "-4",
            "continent": "americas",
            "region": "central_america",
            "name": "U.S. Virgin Islands"
        },
        {
            "countryCode": "225",
            "utc": "3",
            "continent": "africa",
            "region": "eastern_africa",
            "name": "Uganda"
        },
        {
            "countryCode": "226",
            "utc": "3",
            "continent": "europe",
            "region": "eastern_europe",
            "name": "Ukraine"
        },
        {
            "countryCode": "227",
            "utc": "4",
            "continent": "asia",
            "region": "south_west_asia",
            "name": "United Arab Emirates"
        },
        {
            "countryCode": "228",
            "utc": "0",
            "continent": "europe",
            "region": "western_europe",
            "name": "United Kingdom"
        },
        {
            "countryCode": "229",
            "utc": "-5",
            "continent": "americas",
            "region": "north_america",
            "name": "United States"
        },
        {
            "countryCode": "230",
            "utc": "-3",
            "continent": "americas",
            "region": "south_america",
            "name": "Uruguay"
        },
        {
            "countryCode": "231",
            "utc": "5",
            "continent": "asia",
            "region": "central_asia",
            "name": "Uzbekistan"
        },
        {
            "countryCode": "232",
            "utc": "11",
            "continent": "oceania",
            "region": "pacific",
            "name": "Vanuatu"
        },
        {
            "countryCode": "233",
            "utc": "1",
            "continent": "europe",
            "region": "southern_europe",
            "name": "Vatican"
        },
        {
            "countryCode": "234",
            "utc": "-4",
            "continent": "americas",
            "region": "south_america",
            "name": "Venezuela"
        },
        {
            "countryCode": "235",
            "utc": "7",
            "continent": "asia",
            "region": "south_east_asia",
            "name": "Vietnam"
        },
        {
            "countryCode": "236",
            "utc": "12",
            "continent": "oceania",
            "region": "pacific",
            "name": "Wallis and Futuna"
        },
        {
            "countryCode": "237",
            "utc": "0",
            "continent": "africa",
            "region": "northern_africa",
            "name": "Western Sahara"
        },
        {
            "countryCode": "238",
            "utc": "3",
            "continent": "asia",
            "region": "south_west_asia",
            "name": "Yemen"
        },
        {
            "countryCode": "239",
            "utc": "2",
            "continent": "africa",
            "region": "southern_africa",
            "name": "Zambia"
        },
        {
            "countryCode": "240",
            "utc": "2",
            "continent": "africa",
            "region": "southern_africa",
            "name": "Zimbabwe"
        }
    ]
}