{
    "all_category": [
        { "middleCateCode" : 0 ,"name": "All Categories" },
        { "middleCateCode" : 1 ,"name": "Animation" },
        { "middleCateCode" : 2 ,"name": "Architecture" },
        { "middleCateCode" : 3 ,"name": "Avant-garde" },
        { "middleCateCode" : 4 ,"name": "Baroque" },
        { "middleCateCode" : 5 ,"name": "Design" },
        { "middleCateCode" : 6 ,"name": "Digital Art" },
        { "middleCateCode" : 7 ,"name": "Drawing" },
        { "middleCateCode" : 8 ,"name": "Expressionism" },
        { "middleCateCode" : 9 ,"name": "Historical" },
        { "middleCateCode" : 10 ,"name": "Icons" },
        { "middleCateCode" : 11 ,"name": "Illustrations" },
        { "middleCateCode" : 12,"name": "Impressionism" },
        { "middleCateCode" : 13 ,"name": "Landscape" },
        { "middleCateCode" : 14 ,"name": "Minimalism" },
        { "middleCateCode" : 15 ,"name": "Painting" },
        { "middleCateCode" : 16 ,"name": "Pop Art" },
        { "middleCateCode" : 17 ,"name": "Portrait" },
        { "middleCateCode" : 18 ,"name": "Realism" },
        { "middleCateCode" : 19 ,"name": "Renaissance" },
        { "middleCateCode" : 20 ,"name": "Sculpture" },
        { "middleCateCode" : 21 ,"name": "Street Art" },
        { "middleCateCode" : 22 ,"name": "Surrealism" },
        { "middleCateCode" : 23 ,"name": "Symbolism" },
        { "middleCateCode" : 24 ,"name": "UI/UX" },
        { "middleCateCode" : 25 ,"name": "Wallpaper" },
        { "middleCateCode" : 26 ,"name": "Web Design" },
        { "middleCateCode" : 27 ,"name": "Various" }
    ],
    "artwork_category": [
        { "middleCateCode" : 0 ,"name": "All Categories" },
        { "middleCateCode" : 1 ,"name": "Animation" },
        { "middleCateCode" : 2 ,"name": "Architecture" },
        { "middleCateCode" : 3 ,"name": "Avant-garde" },
        { "middleCateCode" : 4 ,"name": "Baroque" },
        { "middleCateCode" : 5 ,"name": "Design" },
        { "middleCateCode" : 6 ,"name": "Digital Art" },
        { "middleCateCode" : 7 ,"name": "Drawing" },
        { "middleCateCode" : 8 ,"name": "Expressionism" },
        { "middleCateCode" : 9 ,"name": "Historical" },
        { "middleCateCode" : 10 ,"name": "Icons" },
        { "middleCateCode" : 11 ,"name": "Illustrations" },
        { "middleCateCode" : 12 ,"name": "Impressionism" },
        { "middleCateCode" : 13 ,"name": "Landscape" },
        { "middleCateCode" : 14 ,"name": "Minimalism" },
        { "middleCateCode" : 15 ,"name": "Painting" },
        { "middleCateCode" : 16 ,"name": "Pop Art" },
        { "middleCateCode" : 17 ,"name": "Portrait" },
        { "middleCateCode" : 18 ,"name": "Realism" },
        { "middleCateCode" : 19 ,"name": "Renaissance" },
        { "middleCateCode" : 20 ,"name": "Sculpture" },
        { "middleCateCode" : 21 ,"name": "Street Art" },
        { "middleCateCode" : 22 ,"name": "Surrealism" },
        { "middleCateCode" : 23 ,"name": "Symbolism" },
        { "middleCateCode" : 24 ,"name": "UI/UX" },
        { "middleCateCode" : 25 ,"name": "Wallpaper" },
        { "middleCateCode" : 26 ,"name": "Web Design" },
        { "middleCateCode" : 27 ,"name": "Various" }
    ],
    "vector_category": [
        { "middleCateCode" : 0 ,"name": "All Categories" },
        { "middleCateCode" : 1 ,"name": "Animation" },
        { "middleCateCode" : 2 ,"name": "Architecture" },
        { "middleCateCode" : 3 ,"name": "Background" },
        { "middleCateCode" : 4 ,"name": "Branding" },
        { "middleCateCode" : 5 ,"name": "Decoration" },
        { "middleCateCode" : 6 ,"name": "Fashion" },
        { "middleCateCode" : 7 ,"name": "Furniture" },
        { "middleCateCode" : 8 ,"name": "Graphics" },
        { "middleCateCode" : 9 ,"name": "Icons" },
        { "middleCateCode" : 10 ,"name": "Illustrations" },
        { "middleCateCode" : 11 ,"name": "Industries" },
        { "middleCateCode" : 12 ,"name": "Landscape" },
        { "middleCateCode" : 13 ,"name": "Logo" },
        { "middleCateCode" : 14 ,"name": "Map" },
        { "middleCateCode" : 15 ,"name": "Painting" },
        { "middleCateCode" : 16 ,"name": "Printing" },
        { "middleCateCode" : 17 ,"name": "Shape" },
        { "middleCateCode" : 18 ,"name": "Symbols" },
        { "middleCateCode" : 19 ,"name": "Technology" },
        { "middleCateCode" : 20,"name": "Various" }
    ],
    "threed_category": [
        { "middleCateCode" : 0 ,"name": "All Categories" },
        { "middleCateCode" : 1 ,"name": "3D Scans" },
        { "middleCateCode" : 2 ,"name": "Architecture" },
        { "middleCateCode" : 3 ,"name": "Art" },
        { "middleCateCode" : 4 ,"name": "Characters" },
        { "middleCateCode" : 5 ,"name": "DIY" },
        { "middleCateCode" : 6 ,"name": "Electronic" },
        { "middleCateCode" : 7 ,"name": "Fashion" },
        { "middleCateCode" : 8 ,"name": "Furniture" },
        { "middleCateCode" : 9 ,"name": "Game" },
        { "middleCateCode" : 10 ,"name": "Household" },
        { "middleCateCode" : 11 ,"name": "Industrial" },
        { "middleCateCode" : 12 ,"name": "Interior" },
        { "middleCateCode" : 13 ,"name": "Jewelry" },
        { "middleCateCode" : 14 ,"name": "Kitchen" },
        { "middleCateCode" : 15 ,"name": "Medical" },
        { "middleCateCode" : 16 ,"name": "Models" },
        { "middleCateCode" : 17 ,"name": "Objects" },
        { "middleCateCode" : 18 ,"name": "Pets" },
        { "middleCateCode" : 19 ,"name": "Scenery" },
        { "middleCateCode" : 20 ,"name": "Sculpture" },
        { "middleCateCode" : 21 ,"name": "Tools" },
        { "middleCateCode" : 22 ,"name": "Toys" },
        { "middleCateCode" : 23 ,"name": "Vehicles" },
        { "middleCateCode" : 24 ,"name": "Various" }
    ]
}