--
USE LubyconUser;

delete from `userbasic`;
INSERT INTO `userbasic` (`userCode`, `date`, `email`, `nick`, `pass`, `validation`, `subscription`, `termCheck`, `policyCheck`) VALUES
(0, '2016-04-16 22:43:35', 'admin', 'Lubycon', '$2y$10$nc17yAiGfC3Pn4YYYwHnteOfQmo26uN3HYalgli5WwLB2Nt1RHr8y', 'active', 'false', 'true', 'true'),
(1, '2016-04-16 22:43:35', 'qwer@naver.com', 'danielzepp', '$2y$10$nc17yAiGfC3Pn4YYYwHnteOfQmo26uN3HYalgli5WwLB2Nt1RHr8y', 'active', 'false', 'true', 'true'),
(2, '2016-04-16 22:56:08', 'qwerqwer@naver.com', 'Blanch Brightwell', '123123', 'active', 'false', 'true', 'true'),
(3, '2016-04-16 22:56:08', 'qwerqwer@naver.com', 'Rae Bohl', '123123', 'active', 'false', 'true', 'true'),
(4, '2016-04-16 22:56:08', 'qwerqwer@naver.com', 'Sunni Beaird', '123123', 'active', 'false', 'true', 'true'),
(5, '2016-04-16 22:56:08', 'qwerqwer@naver.com', 'Cecil Stuber', '123123', 'active', 'false', 'true', 'true'),
(6, '2016-04-16 22:56:08', 'qwerqwer@naver.com', 'Madalene Olmedo', '123123', 'active', 'false', 'true', 'true'),
(7, '2016-04-16 22:56:08', 'qwerqwer@naver.com', 'Nicholas Cockrill', '123123', 'active', 'false', 'true', 'true'),
(8, '2016-04-16 22:56:08', 'qwerqwer@naver.com', 'Kristi Bushell', '123123', 'active', 'false', 'true', 'true'),
(9, '2016-04-16 22:56:08', 'qwerqwer@naver.com', 'Mandi Rand', '123123', 'active', 'false', 'true', 'true'),
(10, '2016-04-16 22:56:08', 'qwerqwer@naver.com', 'Nancee Pua', '123123', 'active', 'false', 'true', 'true'),
(11, '2016-04-16 22:56:08', 'qwerqwer@naver.com', 'Dawna Putz', '123123', 'active', 'false', 'true', 'true'),
(12, '2016-04-16 22:56:08', 'qwerqwer@naver.com', 'Lana Constance', '123123', 'active', 'false', 'true', 'true'),
(13, '2016-04-16 22:56:08', 'qwerqwer@naver.com', 'Cheree Carreno', '123123', 'active', 'false', 'true', 'true'),
(14, '2016-04-16 22:56:08', 'qwerqwer@naver.com', 'Cletus Guss', '123123', 'active', 'false', 'true', 'true'),
(15, '2016-04-16 22:56:08', 'qwerqwer@naver.com', 'Clementine Spearman', '123123', 'active', 'false', 'true', 'true'),
(16, '2016-04-16 22:56:08', 'qwerqwer@naver.com', 'Lavonne Clemens', '123123', 'active', 'false', 'true', 'true'),
(17, '2016-04-16 22:56:08', 'qwerqwer@naver.com', 'Mirta Montalvo', '123123', 'active', 'false', 'true', 'true'),
(18, '2016-04-16 22:56:08', 'qwerqwer@naver.com', 'Nubia Burman', '123123', 'active', 'false', 'true', 'true'),
(19, '2016-04-16 22:56:08', 'qwerqwer@naver.com', 'Hermina Schleich', '123123', 'active', 'false', 'true', 'true'),
(20, '2016-04-16 22:56:08', 'qwerqwer@naver.com', 'Pearlie Vestal', '123123', 'active', 'false', 'true', 'true'),
(21, '2016-04-16 22:56:08', 'qwerqwer@naver.com', 'Sol Pompa', '123123', 'active', 'false', 'true', 'true'),
(22, '2016-04-16 22:56:08', 'qwerqwer@naver.com', 'Lesli Tarlton', '123123', 'active', 'false', 'true', 'true'),
(23, '2016-04-16 22:56:08', 'qwerqwer@naver.com', 'Tatum Swaim', '123123', 'active', 'false', 'true', 'true'),
(24, '2016-04-16 22:56:08', 'qwerqwer@naver.com', 'Beverlee Vanish', '123123', 'active', 'false', 'true', 'true'),
(25, '2016-04-16 22:56:08', 'qwerqwer@naver.com', 'Ferne Mickles', '123123', 'active', 'false', 'true', 'true'),
(26, '2016-04-16 22:56:08', 'qwerqwer@naver.com', 'Caroline Pettway', '123123', 'active', 'false', 'true', 'true'),
(27, '2016-04-16 22:56:08', 'qwerqwer@naver.com', 'Hugo Vitela', '123123', 'active', 'false', 'true', 'true'),
(28, '2016-04-16 22:56:08', 'qwerqwer@naver.com', 'Mack Coker', '123123', 'active', 'false', 'true', 'true'),
(29, '2016-04-16 22:56:08', 'qwerqwer@naver.com', 'Arlene Cid', '123123', 'active', 'false', 'true', 'true'),
(30, '2016-04-16 22:56:08', 'qwerqwer@naver.com', 'Misti Hansell', '123123', 'active', 'false', 'true', 'true'),
(31, '2016-04-16 22:56:08', 'qwerqwer@naver.com', 'Nakisha Sherburne', '123123', 'active', 'false', 'true', 'true'),
(32, '2016-04-16 22:56:08', 'qwerqwer@naver.com', 'Gwendolyn Bott', '123123', 'active', 'false', 'true', 'true'),
(33, '2016-04-16 22:56:08', 'qwerqwer@naver.com', 'Sophie Kosakowski', '123123', 'active', 'false', 'true', 'true'),
(34, '2016-04-16 22:56:08', 'qwerqwer@naver.com', 'Evelyn Heck', '123123', 'active', 'false', 'true', 'true'),
(35, '2016-04-16 22:56:08', 'qwerqwer@naver.com', 'Jules Sarratt', '123123', 'active', 'false', 'true', 'true'),
(36, '2016-04-16 22:56:08', 'qwerqwer@naver.com', 'Floria Aguillon', '123123', 'active', 'false', 'true', 'true'),
(37, '2016-04-16 22:56:08', 'qwerqwer@naver.com', 'Lamar Mckane', '123123', 'active', 'false', 'true', 'true'),
(38, '2016-04-16 22:56:08', 'qwerqwer@naver.com', 'Taylor Knarr', '123123', 'active', 'false', 'true', 'true'),
(39, '2016-04-16 22:56:08', 'qwerqwer@naver.com', 'Iola Pentecost', '123123', 'active', 'false', 'true', 'true'),
(40, '2016-04-16 22:56:08', 'qwerqwer@naver.com', 'Marcus Pecora', '123123', 'active', 'false', 'true', 'true'),
(41, '2016-04-16 22:56:08', 'qwerqwer@naver.com', 'Lupita Panter', '123123', 'active', 'false', 'true', 'true'),
(42, '2016-04-16 22:56:08', 'qwerqwer@naver.com', 'Ninfa Victory', '123123', 'active', 'false', 'true', 'true'),
(43, '2016-04-16 22:56:08', 'qwerqwer@naver.com', 'Josefa Alexandra', '123123', 'active', 'false', 'true', 'true'),
(44, '2016-04-16 22:56:08', 'qwerqwer@naver.com', 'Barb Waage', '123123', 'active', 'false', 'true', 'true'),
(45, '2016-04-16 22:56:08', 'qwerqwer@naver.com', 'Barbra Pelton', '123123', 'active', 'false', 'true', 'true'),
(46, '2016-04-16 22:56:08', 'qwerqwer@naver.com', 'Jimmy Pacheco', '123123', 'active', 'false', 'true', 'true'),
(47, '2016-04-16 22:56:08', 'qwerqwer@naver.com', 'Lasandra Sherer', '123123', 'active', 'false', 'true', 'true'),
(48, '2016-04-16 22:56:08', 'qwerqwer@naver.com', 'Diane Quinones', '123123', 'active', 'false', 'true', 'true'),
(49, '2016-04-16 22:56:08', 'qwerqwer@naver.com', 'Argentina Buchner', '123123', 'active', 'false', 'true', 'true'),
(50, '2016-04-16 22:56:08', 'qwerqwer@naver.com', 'Linh Posey', '123123', 'active', 'false', 'true', 'true'),
(51, '2016-04-16 22:56:08', 'qwerqwer@naver.com', 'Roxanne Mcminn', '123123', 'active', 'false', 'true', 'true'),
(52, '2016-04-16 22:56:08', 'qwerqwer@naver.com', 'Karine Markert', '123123', 'active', 'false', 'true', 'true'),
(53, '2016-04-16 22:56:08', 'qwerqwer@naver.com', 'Sam Jennings', '123123', 'active', 'false', 'true', 'true'),
(54, '2016-04-16 22:56:08', 'qwerqwer@naver.com', 'Stephanie Throo', '123123', 'active', 'false', 'true', 'true'),
(55, '2016-04-16 22:56:08', 'qwerqwer@naver.com', 'Corey Even', '123123', 'active', 'false', 'true', 'true'),
(56, '2016-04-16 22:56:08', 'qwerqwer@naver.com', 'Sunshine Ruvolo', '123123', 'active', 'false', 'true', 'true'),
(57, '2016-04-16 22:56:08', 'qwerqwer@naver.com', 'Delmar Koffler', '123123', 'active', 'false', 'true', 'true'),
(58, '2016-04-16 22:56:08', 'qwerqwer@naver.com', 'Hortencia Puccio', '123123', 'active', 'false', 'true', 'true'),
(59, '2016-04-16 22:56:08', 'qwerqwer@naver.com', 'Beckie Neuendorf', '123123', 'active', 'false', 'true', 'true'),
(60, '2016-04-16 22:56:08', 'qwerqwer@naver.com', 'Victor Micek', '123123', 'active', 'false', 'true', 'true'),
(61, '2016-04-16 22:56:08', 'qwerqwer@naver.com', 'Crissy Barriga', '123123', 'active', 'false', 'true', 'true'),
(62, '2016-04-16 22:56:08', 'qwerqwer@naver.com', 'Mariette Bainbridge', '123123', 'active', 'false', 'true', 'true'),
(63, '2016-04-16 22:56:08', 'qwerqwer@naver.com', 'Yvone Carranza', '123123', 'active', 'false', 'true', 'true'),
(64, '2016-04-16 22:56:08', 'qwerqwer@naver.com', 'Carry Barrier', '123123', 'active', 'false', 'true', 'true'),
(65, '2016-04-16 22:56:08', 'qwerqwer@naver.com', 'Ashlee Castro', '123123', 'active', 'false', 'true', 'true'),
(66, '2016-04-16 22:56:08', 'qwerqwer@naver.com', 'Stacy Wardlow', '123123', 'active', 'false', 'true', 'true'),
(67, '2016-04-16 22:56:08', 'qwerqwer@naver.com', 'Lesia Goewey', '123123', 'active', 'false', 'true', 'true'),
(68, '2016-04-16 22:56:08', 'qwerqwer@naver.com', 'Nell Providence', '123123', 'active', 'false', 'true', 'true'),
(69, '2016-04-16 22:56:08', 'qwerqwer@naver.com', 'Cathern Blaser', '123123', 'active', 'false', 'true', 'true'),
(70, '2016-04-16 22:56:08', 'qwerqwer@naver.com', 'Leigha Casanova', '123123', 'active', 'false', 'true', 'true'),
(71, '2016-04-16 22:56:08', 'qwerqwer@naver.com', 'Zoe Meche', '123123', 'active', 'false', 'true', 'true'),
(72, '2016-04-16 22:56:08', 'qwerqwer@naver.com', 'Amber Warf', '123123', 'active', 'false', 'true', 'true'),
(73, '2016-04-16 22:56:08', 'qwerqwer@naver.com', 'Victoria Kelm', '123123', 'active', 'false', 'true', 'true'),
(74, '2016-04-16 22:56:08', 'qwerqwer@naver.com', 'Loura Lasalle', '123123', 'active', 'false', 'true', 'true'),
(75, '2016-04-16 22:56:08', 'qwerqwer@naver.com', 'Genevive Deerman', '123123', 'active', 'false', 'true', 'true'),
(76, '2016-04-16 22:56:08', 'qwerqwer@naver.com', 'Lilli Searles', '123123', 'active', 'false', 'true', 'true'),
(77, '2016-04-16 22:56:08', 'qwerqwer@naver.com', 'Basil Vorpahl', '123123', 'active', 'false', 'true', 'true'),
(78, '2016-04-16 22:56:08', 'qwerqwer@naver.com', 'Ava Judon', '123123', 'active', 'false', 'true', 'true'),
(79, '2016-04-16 22:56:08', 'qwerqwer@naver.com', 'Sarai Leong', '123123', 'active', 'false', 'true', 'true'),
(80, '2016-04-16 22:56:08', 'qwerqwer@naver.com', 'Nelida Daniel', '123123', 'active', 'false', 'true', 'true'),
(81, '2016-04-16 22:56:08', 'qwerqwer@naver.com', 'Towanda Pinto', '123123', 'active', 'false', 'true', 'true'),
(82, '2016-04-16 22:56:08', 'qwerqwer@naver.com', 'Maryjo Purpura', '123123', 'active', 'false', 'true', 'true'),
(83, '2016-04-16 22:56:08', 'qwerqwer@naver.com', 'Delmar Mcmillian', '123123', 'active', 'false', 'true', 'true'),
(84, '2016-04-16 22:56:08', 'qwerqwer@naver.com', 'Verla Lohmann', '123123', 'active', 'false', 'true', 'true'),
(85, '2016-04-16 22:56:08', 'qwerqwer@naver.com', 'Romaine Lentine', '123123', 'active', 'false', 'true', 'true'),
(86, '2016-04-16 22:56:08', 'qwerqwer@naver.com', 'Kenyetta Caley', '123123', 'active', 'false', 'true', 'true'),
(87, '2016-04-16 22:56:08', 'qwerqwer@naver.com', 'Scott Kowalewski', '123123', 'active', 'false', 'true', 'true'),
(88, '2016-04-16 22:56:08', 'qwerqwer@naver.com', 'Dorsey Kirton', '123123', 'active', 'false', 'true', 'true'),
(89, '2016-04-16 22:56:08', 'qwerqwer@naver.com', 'Sandra Tindel', '123123', 'active', 'false', 'true', 'true'),
(90, '2016-04-16 22:56:08', 'qwerqwer@naver.com', 'Granville Marlett', '123123', 'active', 'false', 'true', 'true'),
(91, '2016-04-16 22:56:08', 'qwerqwer@naver.com', 'Sung Sobotka', '123123', 'active', 'false', 'true', 'true'),
(92, '2016-04-16 22:56:08', 'qwerqwer@naver.com', 'Soledad Blomberg', '123123', 'active', 'false', 'true', 'true'),
(93, '2016-04-16 22:56:08', 'qwerqwer@naver.com', 'Cherrie Offutt', '123123', 'active', 'false', 'true', 'true'),
(94, '2016-04-16 22:56:08', 'qwerqwer@naver.com', 'Leslee Speno', '123123', 'active', 'false', 'true', 'true'),
(95, '2016-04-16 22:56:08', 'qwerqwer@naver.com', 'Nyla Roles', '123123', 'active', 'false', 'true', 'true'),
(96, '2016-04-16 22:56:08', 'qwerqwer@naver.com', 'Merlin Corner', '123123', 'active', 'false', 'true', 'true'),
(97, '2016-04-16 22:56:08', 'qwerqwer@naver.com', 'Crystle Koehl', '123123', 'active', 'false', 'true', 'true'),
(98, '2016-04-16 22:56:08', 'qwerqwer@naver.com', 'Katrice Shumake', '123123', 'active', 'false', 'true', 'true'),
(99, '2016-04-16 22:56:08', 'qwerqwer@naver.com', 'Maricruz Whitis', '123123', 'active', 'false', 'true', 'true'),
(100, '2016-04-16 22:56:08', 'qwerqwer@naver.com', 'Sharla Bilbo', '123123', 'active', 'false', 'true', 'true'),
(101, '2016-04-16 22:56:08', 'qwerqwer@naver.com', 'Willetta Abeita', '123123', 'active', 'false', 'true', 'true'),
(102, '2016-04-16 22:56:08', 'qwerqwer@naver.com', 'Sherryl Calbert', '123123', 'active', 'false', 'true', 'true'),
(103, '2016-04-16 22:56:08', 'qwerqwer@naver.com', 'Theron Roff', '123123', 'active', 'false', 'true', 'true'),
(104, '2016-04-16 22:56:08', 'qwerqwer@naver.com', 'Madalyn Powel', '123123', 'active', 'false', 'true', 'true'),
(105, '2016-04-16 22:56:08', 'qwerqwer@naver.com', 'Alvaro Esposito', '123123', 'active', 'false', 'true', 'true'),
(106, '2016-04-16 22:56:08', 'qwerqwer@naver.com', 'Ella Robidoux', '123123', 'active', 'false', 'true', 'true'),
(107, '2016-04-16 22:56:08', 'qwerqwer@naver.com', 'Josiah Cowell', '123123', 'active', 'false', 'true', 'true'),
(108, '2016-04-16 22:56:08', 'qwerqwer@naver.com', 'Mendy Elrod', '123123', 'active', 'false', 'true', 'true'),
(109, '2016-04-16 22:56:08', 'qwerqwer@naver.com', 'Minda Plowden', '123123', 'active', 'false', 'true', 'true'),
(110, '2016-04-16 22:56:08', 'qwerqwer@naver.com', 'Aaron Kimbro', '123123', 'active', 'false', 'true', 'true'),
(111, '2016-04-16 22:56:08', 'qwerqwer@naver.com', 'Toi Haskell', '123123', 'active', 'false', 'true', 'true'),
(112, '2016-04-16 22:56:08', 'qwerqwer@naver.com', 'Aleisha Pellegrino', '123123', 'active', 'false', 'true', 'true'),
(113, '2016-04-16 22:56:08', 'qwerqwer@naver.com', 'Donita Odwyer', '123123', 'active', 'false', 'true', 'true'),
(114, '2016-04-16 22:56:08', 'qwerqwer@naver.com', 'Robert Nickell', '123123', 'active', 'false', 'true', 'true'),
(115, '2016-04-16 22:56:08', 'qwerqwer@naver.com', 'Vanessa Lintz', '123123', 'active', 'false', 'true', 'true'),
(116, '2016-04-16 22:56:08', 'qwerqwer@naver.com', 'Katelyn Vince', '123123', 'active', 'false', 'true', 'true'),
(117, '2016-04-16 22:56:08', 'qwerqwer@naver.com', 'Pauletta Beckler', '123123', 'active', 'false', 'true', 'true'),
(118, '2016-04-16 22:56:08', 'qwerqwer@naver.com', 'Rachael Bart', '123123', 'active', 'false', 'true', 'true'),
(119, '2016-04-16 22:56:08', 'qwerqwer@naver.com', 'Tameika Passman', '123123', 'active', 'false', 'true', 'true'),
(120, '2016-04-16 22:56:08', 'qwerqwer@naver.com', 'Stephenie Juhasz', '123123', 'active', 'false', 'true', 'true'),
(121, '2016-04-16 22:56:08', 'qwerqwer@naver.com', 'Althea Brummond', '123123', 'active', 'false', 'true', 'true'),
(122, '2016-04-16 22:56:08', 'qwerqwer@naver.com', 'Donna Anderson', '123123', 'active', 'false', 'true', 'true'),
(123, '2016-04-16 22:56:08', 'qwerqwer@naver.com', 'Mohammad Anwar', '123123', 'active', 'false', 'true', 'true'),
(124, '2016-04-16 22:56:08', 'qwerqwer@naver.com', 'Robert Beasley', '123123', 'active', 'false', 'true', 'true'),
(125, '2016-04-16 22:56:08', 'qwerqwer@naver.com', 'Terence Bingham', '123123', 'active', 'false', 'true', 'true'),
(126, '2016-04-16 22:56:08', 'qwerqwer@naver.com', 'Robert Bloomfield', '123123', 'active', 'false', 'true', 'true'),
(127, '2016-04-16 22:56:08', 'qwerqwer@naver.com', 'Christine Brett', '123123', 'active', 'false', 'true', 'true'),
(128, '2016-04-16 22:56:08', 'qwerqwer@naver.com', 'Chao Cheng', '123123', 'active', 'false', 'true', 'true'),
(129, '2016-04-16 22:56:08', 'qwerqwer@naver.com', 'Stephen Chown', '123123', 'active', 'false', 'true', 'true'),
(130, '2016-04-16 22:56:08', 'qwerqwer@naver.com', 'Gwyn Collins', '123123', 'active', 'false', 'true', 'true'),
(131, '2016-04-16 22:56:08', 'qwerqwer@naver.com', 'Maureen Connell', '123123', 'active', 'false', 'true', 'true'),
(132, '2016-04-16 22:56:08', 'qwerqwer@naver.com', 'Christina Connolly', '123123', 'active', 'false', 'true', 'true'),
(133, '2016-04-16 22:56:08', 'qwerqwer@naver.com', 'Peter Cork', '123123', 'active', 'false', 'true', 'true'),
(134, '2016-04-16 22:56:08', 'qwerqwer@naver.com', 'Neil Dalton', '123123', 'active', 'false', 'true', 'true'),
(135, '2016-04-16 22:56:08', 'qwerqwer@naver.com', 'Caroline Davies', '123123', 'active', 'false', 'true', 'true'),
(136, '2016-04-16 22:56:08', 'qwerqwer@naver.com', 'Francis Davies', '123123', 'active', 'false', 'true', 'true'),
(137, '2016-04-16 22:56:08', 'qwerqwer@naver.com', 'Anushree Dhar', '123123', 'active', 'false', 'true', 'true'),
(138, '2016-04-16 22:56:08', 'qwerqwer@naver.com', 'Marcus Elliott', '123123', 'active', 'false', 'true', 'true'),
(139, '2016-04-16 22:56:08', 'qwerqwer@naver.com', 'Jon Fay', '123123', 'active', 'false', 'true', 'true'),
(140, '2016-04-16 22:56:08', 'qwerqwer@naver.com', 'Paul Fitzpatrick', '123123', 'active', 'false', 'true', 'true'),
(141, '2016-04-16 22:56:08', 'qwerqwer@naver.com', 'Geoffrey Ford', '123123', 'active', 'false', 'true', 'true'),
(142, '2016-04-16 22:56:08', 'qwerqwer@naver.com', 'Anne Free', '123123', 'active', 'false', 'true', 'true'),
(143, '2016-04-16 22:56:08', 'qwerqwer@naver.com', 'June Hammond', '123123', 'active', 'false', 'true', 'true'),
(144, '2016-04-16 22:56:08', 'qwerqwer@naver.com', 'John Harding', '123123', 'active', 'false', 'true', 'true'),
(145, '2016-04-16 22:56:08', 'qwerqwer@naver.com', 'Kathleen Harrington', '123123', 'active', 'false', 'true', 'true'),
(146, '2016-04-16 22:56:08', 'qwerqwer@naver.com', 'Michael Hill', '123123', 'active', 'false', 'true', 'true'),
(147, '2016-04-16 22:56:08', 'qwerqwer@naver.com', 'Adrian Joy', '123123', 'active', 'false', 'true', 'true'),
(148, '2016-04-16 22:56:08', 'qwerqwer@naver.com', 'Suzanne Judge', '123123', 'active', 'false', 'true', 'true'),
(149, '2016-04-16 22:56:08', 'qwerqwer@naver.com', 'Adrian Kruger', '123123', 'active', 'false', 'true', 'true'),
(150, '2016-04-16 22:56:08', 'qwerqwer@naver.com', 'Monika Kumar', '123123', 'active', 'false', 'true', 'true'),
(151, '2016-04-16 22:56:08', 'qwerqwer@naver.com', 'Keiko Lane', '123123', 'active', 'false', 'true', 'true'),
(152, '2016-04-16 22:56:08', 'qwerqwer@naver.com', 'Peter Lewis', '123123', 'active', 'false', 'true', 'true'),
(153, '2016-04-16 22:56:08', 'qwerqwer@naver.com', 'Steven Lovett', '123123', 'active', 'false', 'true', 'true'),
(154, '2016-04-16 22:56:08', 'qwerqwer@naver.com', 'Stephen Manuel', '123123', 'active', 'false', 'true', 'true'),
(155, '2016-04-16 22:56:08', 'qwerqwer@naver.com', 'Lukasz Marecki', '123123', 'active', 'false', 'true', 'true'),
(156, '2016-04-16 22:56:08', 'qwerqwer@naver.com', 'Zahid Mohmed', '123123', 'active', 'false', 'true', 'true'),
(157, '2016-04-16 22:56:08', 'qwerqwer@naver.com', 'Paul Morgan', '123123', 'active', 'false', 'true', 'true'),
(158, '2016-04-16 22:56:08', 'qwerqwer@naver.com', 'Martyn Morse', '123123', 'active', 'false', 'true', 'true'),
(159, '2016-04-16 22:56:08', 'qwerqwer@naver.com', 'Alasdair Munro', '123123', 'active', 'false', 'true', 'true'),
(160, '2016-04-16 22:56:08', 'qwerqwer@naver.com', 'Grant Osinski', '123123', 'active', 'false', 'true', 'true'),
(161, '2016-04-16 22:56:08', 'qwerqwer@naver.com', 'Emine Osman', '123123', 'active', 'false', 'true', 'true'),
(162, '2016-04-16 22:56:08', 'qwerqwer@naver.com', 'Ifeoma Owen', '123123', 'active', 'false', 'true', 'true'),
(163, '2016-04-16 22:56:08', 'qwerqwer@naver.com', 'Giles Payne', '123123', 'active', 'false', 'true', 'true'),
(164, '2016-04-16 22:56:08', 'qwerqwer@naver.com', 'Michelle Pearson', '123123', 'active', 'false', 'true', 'true'),
(165, '2016-04-16 22:56:08', 'qwerqwer@naver.com', 'Laura Richards', '123123', 'active', 'false', 'true', 'true'),
(166, '2016-04-16 22:56:08', 'qwerqwer@naver.com', 'June Shackleton', '123123', 'active', 'false', 'true', 'true'),
(167, '2016-04-16 22:56:08', 'qwerqwer@naver.com', 'Andrew Shanks', '123123', 'active', 'false', 'true', 'true'),
(168, '2016-04-16 22:56:08', 'qwerqwer@naver.com', 'Stuart Simpson', '123123', 'active', 'false', 'true', 'true'),
(169, '2016-04-16 22:56:09', 'qwerqwer@naver.com', 'Michael Smith', '123123', 'active', 'false', 'true', 'true'),
(170, '2016-04-16 22:56:09', 'qwerqwer@naver.com', 'Stella Spence', '123123', 'active', 'false', 'true', 'true'),
(171, '2016-04-16 22:56:09', 'qwerqwer@naver.com', 'Meng Tan', '123123', 'active', 'false', 'true', 'true'),
(172, '2016-04-16 22:56:09', 'qwerqwer@naver.com', 'Stewart Tempest', '123123', 'active', 'false', 'true', 'true'),
(173, '2016-04-16 22:56:09', 'qwerqwer@naver.com', 'Valerie Thompson', '123123', 'active', 'false', 'true', 'true'),
(174, '2016-04-16 22:56:09', 'qwerqwer@naver.com', 'Syed Uddin', '123123', 'active', 'false', 'true', 'true'),
(175, '2016-04-16 22:56:09', 'qwerqwer@naver.com', 'Steven Watkins', '123123', 'active', 'false', 'true', 'true'),
(176, '2016-04-16 22:56:09', 'qwerqwer@naver.com', 'Paul Watkinson', '123123', 'active', 'false', 'true', 'true'),
(177, '2016-04-16 22:56:09', 'qwerqwer@naver.com', 'Audrey Wickham', '123123', 'active', 'false', 'true', 'true'),
(178, '2016-04-16 22:56:09', 'qwerqwer@naver.com', 'Kirsty Williams', '123123', 'active', 'false', 'true', 'true'),
(179, '2016-04-16 22:56:09', 'qwerqwer@naver.com', 'Elizabeth Wilson', '123123', 'active', 'false', 'true', 'true'),
(180, '2016-04-16 22:56:09', 'qwerqwer@naver.com', 'Emily Wilson', '123123', 'active', 'false', 'true', 'true');


delete from `userinfo`;
INSERT INTO `userinfo` (`userCode`, `countryCode`, `jobCode`, `logCode`, `profileImg`, `userDescription`, `company`, `city`, `telNumber`, `fax`, `web`, `emailPublic`, `mobilePublic`, `faxPublic`, `webPublic`) VALUES
(0, 200, 2, 4257, '../../../../Lubycon_Contents/user/0/profile.jpg', 'it is admin', 'Lubycon co.', 'Seoul', '089-782-6803', '1-100-908-6743', 'cursus.purus@Pellentesquehabitant.edu', 'Public', 'Private', 'Public', 'Private'),
(1, 200, 3, 7820, '../../../../Lubycon_Contents/user/1/profile.jpg', 'i am daniel hi.', 'Lubycon co.', 'Seoul', '092-454-0653', '1-486-928-8104', 'Aliquam.rutrum@blanditenim.ca', 'Public', 'Private', 'Private', 'Private'),
(2, 186, 5, 1199, '../../../../Lubycon_Contents/user/2/profile.jpg', 'ligula tortor, dictum eu, placerat', 'Cras Interdum Nunc Limited', 'Chillán', '046-437-2610', '1-701-625-1861', 'arcu.Sed@euelitNulla.net', 'Public', 'Private', 'Public', 'Public'),
(3, 151, 1, 1155, '../../../../Lubycon_Contents/user/3/profile.jpg', 'vitae erat vel pede blandit congue. In scelerisque scelerisque', 'Quis Corporation', 'Rhisnes', '049-101-4854', '1-978-279-9658', 'malesuada.vel@ornareelitelit.org', 'Public', 'Private', 'Private', 'Private'),
(4, 185, 5, 7069, '../../../../Lubycon_Contents/user/4/profile.jpg', 'mollis dui, in sodales elit erat', 'Placerat Velit Foundation', 'Río Hurtado', '085-405-4044', '1-889-668-2666', 'velit@dictumeueleifend.ca', 'Private', 'Private', 'Private', 'Private'),
(5, 123, 0, 7041, '../../../../Lubycon_Contents/user/5/profile.jpg', 'lorem. Donec elementum, lorem ut', 'Nunc Interdum Feugiat LLP', 'Dunfermline', '043-178-0727', '1-741-597-5842', 'faucibus.id.libero@velitPellentesque.edu', 'Public', 'Private', 'Public', 'Private'),
(6, 157, 0, 3983, '../../../../Lubycon_Contents/user/6/profile.jpg', 'Aliquam vulputate ullamcorper magna. Sed eu eros. Nam', 'Ornare Egestas Consulting', 'Lens-Saint-Remy', '057-075-0127', '1-704-163-4221', 'enim@nec.com', 'Private', 'Private', 'Public', 'Private'),
(7, 178, 2, 9221, '../../../../Lubycon_Contents/user/7/profile.jpg', 'elit. Aliquam auctor, velit eget laoreet posuere, enim nisl', 'Consequat Enim LLP', 'Jefferson City', '049-071-5863', '1-748-902-9747', 'molestie.tortor.nibh@euarcu.edu', 'Public', 'Private', 'Public', 'Public'),
(8, 57, 1, 8996, '../../../../Lubycon_Contents/user/8/profile.jpg', 'facilisis eget, ipsum. Donec sollicitudin adipiscing ligula. Aenean gravida', 'Nam Tempor Diam Associates', 'Ramsdonk', '078-971-5926', '1-570-487-1210', 'ut@elitsed.net', 'Private', 'Private', 'Public', 'Private'),
(9, 71, 5, 4037, '../../../../Lubycon_Contents/user/9/profile.jpg', 'et, lacinia vitae, sodales at, velit. Pellentesque ultricies dignissim', 'Porta Elit Company', 'Sant''Eufemia a Maiella', '019-748-7131', '1-620-122-5682', 'egestas.a@inconsequat.ca', 'Public', 'Private', 'Private', 'Public'),
(10, 85, 2, 1435, '../../../../Lubycon_Contents/user/10/profile.jpg', 'non enim commodo hendrerit. Donec porttitor tellus non magna. Nam', 'Ultricies Dignissim Lacus LLP', 'Grandrieu', '042-159-5251', '1-950-956-0382', 'eget.varius@Donec.edu', 'Public', 'Private', 'Private', 'Public'),
(11, 225, 5, 4423, '../../../../Lubycon_Contents/user/11/profile.jpg', 'quis diam luctus lobortis. Class aptent taciti sociosqu ad litora', 'Cras LLP', 'Wodonga', '039-034-7118', '1-664-993-5177', 'elementum.purus.accumsan@elit.org', 'Public', 'Private', 'Private', 'Private'),
(12, 9, 1, 6282, '../../../../Lubycon_Contents/user/12/profile.jpg', 'ad litora', 'Gravida Sagittis Institute', 'Glauchau', '049-515-5923', '1-119-591-0685', 'posuere.cubilia.Curae@venenatisvelfaucibus.edu', 'Private', 'Private', 'Public', 'Private'),
(13, 215, 4, 7262, '../../../../Lubycon_Contents/user/13/profile.jpg', 'Morbi quis urna.', 'Lorem LLP', 'Portsmouth', '001-055-8287', '1-470-939-8220', 'lectus.quis@magnaatortor.net', 'Public', 'Private', 'Private', 'Public'),
(14, 62, 5, 1127, '../../../../Lubycon_Contents/user/14/profile.jpg', 'iaculis quis,', 'Vivamus LLP', 'Moulins', '042-754-8547', '1-999-269-5933', 'Aliquam@mauris.org', 'Private', 'Private', 'Private', 'Private'),
(15, 186, 5, 8661, '../../../../Lubycon_Contents/user/15/profile.jpg', 'dictum', 'Varius Orci In Incorporated', 'Bossut-Gottechain', '023-448-0920', '1-449-714-0712', 'mollis@ultriciesornareelit.co.uk', 'Private', 'Private', 'Private', 'Public'),
(16, 35, 2, 8567, '../../../../Lubycon_Contents/user/16/profile.jpg', 'molestie', 'Sit Amet PC', 'Neubrandenburg', '059-149-9922', '1-134-597-5522', 'ante.lectus@natoque.net', 'Private', 'Private', 'Private', 'Private'),
(17, 29, 4, 4006, '../../../../Lubycon_Contents/user/17/profile.jpg', 'tincidunt, neque vitae semper egestas, urna justo faucibus lectus, a', 'Dictum Ltd', 'Ortonovo', '087-076-6327', '1-840-745-9701', 'convallis.ante.lectus@asollicitudinorci.edu', 'Public', 'Private', 'Public', 'Private'),
(18, 226, 5, 9201, '../../../../Lubycon_Contents/user/18/profile.jpg', 'Fusce feugiat. Lorem ipsum dolor', 'Ornare Tortor At PC', 'Kasur', '032-125-8097', '1-210-238-2916', 'at.fringilla@ipsumDonec.net', 'Private', 'Private', 'Private', 'Public'),
(19, 197, 1, 3754, '../../../../Lubycon_Contents/user/19/profile.jpg', 'tempus risus. Donec', 'Amet Consectetuer Associates', 'Wha Ti', '045-044-9615', '1-639-397-0584', 'nunc.nulla.vulputate@mollisdui.edu', 'Public', 'Private', 'Public', 'Private'),
(20, 128, 5, 7026, '../../../../Lubycon_Contents/user/20/profile.jpg', 'metus. Aenean sed pede nec', 'Consequat Institute', 'Palmilla', '013-836-6022', '1-200-870-3078', 'convallis.ante@gravidasit.net', 'Public', 'Private', 'Private', 'Private'),
(21, 100, 0, 4630, '../../../../Lubycon_Contents/user/21/profile.jpg', 'Sed congue, elit sed consequat auctor, nunc', 'Pede Inc.', 'Athens', '013-106-7773', '1-114-971-9381', 'vel.est.tempor@ac.net', 'Private', 'Private', 'Private', 'Private'),
(22, 124, 2, 3884, '../../../../Lubycon_Contents/user/22/profile.jpg', 'erat eget', 'Nibh Enim Incorporated', 'Salvador', '029-313-9813', '1-840-795-2679', 'sem.ut.dolor@quam.co.uk', 'Public', 'Private', 'Private', 'Private'),
(23, 140, 4, 9592, '../../../../Lubycon_Contents/user/23/profile.jpg', 'egestas nunc sed libero. Proin sed', 'Aliquam Corporation', 'Valcourt', '079-974-2950', '1-775-260-5391', 'Cras.vulputate.velit@ullamcorpervelitin.ca', 'Public', 'Private', 'Private', 'Public'),
(24, 204, 2, 9232, '../../../../Lubycon_Contents/user/24/profile.jpg', 'consequat purus. Maecenas libero est, congue a, aliquet vel, vulputate', 'Est Mauris Eu Inc.', 'Vanier', '021-949-5671', '1-730-540-5085', 'erat.vitae@gravida.com', 'Public', 'Private', 'Private', 'Private'),
(25, 92, 0, 5399, '../../../../Lubycon_Contents/user/25/profile.jpg', 'Quisque ornare tortor', 'Primis In Ltd', 'Moga', '082-884-7994', '1-643-364-2422', 'nisl.sem@duilectus.net', 'Public', 'Private', 'Private', 'Private'),
(26, 59, 2, 5446, '../../../../Lubycon_Contents/user/26/profile.jpg', 'a,', 'Ornare Lectus Justo Institute', 'Macon', '039-921-7557', '1-337-874-8031', 'Aenean@cursusIntegermollis.com', 'Private', 'Private', 'Public', 'Public'),
(27, 18, 1, 1914, '../../../../Lubycon_Contents/user/27/profile.jpg', 'convallis', 'Aenean Consulting', 'Natales', '069-356-4943', '1-214-924-3452', 'Phasellus.dapibus.quam@seddictumeleifend.net', 'Public', 'Private', 'Public', 'Private'),
(28, 34, 1, 2925, '../../../../Lubycon_Contents/user/28/profile.jpg', 'Nunc sed orci', 'Elementum Sem Vitae Foundation', 'Nelson', '076-525-5510', '1-501-126-9408', 'velit.justo@ultrices.org', 'Private', 'Private', 'Public', 'Public'),
(29, 116, 3, 6908, '../../../../Lubycon_Contents/user/29/profile.jpg', 'at, velit. Pellentesque ultricies dignissim lacus. Aliquam rutrum', 'Interdum Consulting', 'Villa Latina', '028-844-2926', '1-560-860-7439', 'Morbi@elit.org', 'Public', 'Private', 'Public', 'Public'),
(30, 134, 0, 5535, '../../../../Lubycon_Contents/user/30/profile.jpg', 'Aenean egestas hendrerit neque. In ornare sagittis felis.', 'Ut Tincidunt Orci Corp.', 'Maaseik', '051-470-5781', '1-569-429-7101', 'vitae.sodales@loremfringilla.net', 'Private', 'Private', 'Private', 'Private'),
(31, 50, 3, 1722, '../../../../Lubycon_Contents/user/31/profile.jpg', 'tristique neque venenatis lacus. Etiam', 'Facilisis Non Bibendum PC', 'Arles', '064-843-0981', '1-686-105-4236', 'Curabitur@Phasellus.net', 'Private', 'Private', 'Public', 'Private'),
(32, 165, 2, 3212, '../../../../Lubycon_Contents/user/32/profile.jpg', 'magna a', 'Nam Ligula Institute', 'Neunkirchen', '000-928-2040', '1-671-538-9885', 'penatibus.et@consectetuer.org', 'Public', 'Private', 'Private', 'Public'),
(33, 128, 3, 9655, '../../../../Lubycon_Contents/user/33/profile.jpg', 'ac tellus. Suspendisse sed', 'Elit Pretium Institute', 'Valera Fratta', '005-939-2664', '1-568-789-1946', 'neque@vulputatelacusCras.org', 'Private', 'Private', 'Private', 'Public'),
(34, 37, 2, 5416, '../../../../Lubycon_Contents/user/34/profile.jpg', 'Aenean egestas hendrerit neque. In ornare sagittis felis. Donec tempor,', 'Et Tristique Inc.', 'As', '070-539-5762', '1-880-960-3910', 'Aliquam.ultrices.iaculis@vitaealiquam.ca', 'Public', 'Private', 'Private', 'Private'),
(35, 235, 3, 6293, '../../../../Lubycon_Contents/user/35/profile.jpg', 'Suspendisse non leo. Vivamus', 'A Neque Nullam Ltd', 'Dabgram', '008-302-0826', '1-670-427-8025', 'tempor@aliquamerosturpis.edu', 'Public', 'Private', 'Public', 'Private'),
(36, 205, 4, 9958, '../../../../Lubycon_Contents/user/36/profile.jpg', 'mi. Aliquam gravida mauris ut mi. Duis', 'Ultrices Vivamus Incorporated', 'Canela', '062-519-2658', '1-836-676-6935', 'ultrices@ut.net', 'Public', 'Private', 'Private', 'Private'),
(37, 48, 1, 1175, '../../../../Lubycon_Contents/user/37/profile.jpg', 'et, rutrum non, hendrerit id, ante.', 'Et Tristique Pellentesque Foundation', 'Barahanagar', '031-017-1184', '1-697-347-7361', 'Nulla.facilisi.Sed@eratnequenon.edu', 'Public', 'Private', 'Private', 'Public'),
(38, 50, 0, 2076, '../../../../Lubycon_Contents/user/38/profile.jpg', 'Aliquam vulputate ullamcorper magna. Sed eu', 'Mi Ac Mattis Limited', 'Monte San Pietrangeli', '008-963-9879', '1-476-966-4629', 'Pellentesque@vel.org', 'Public', 'Private', 'Private', 'Public'),
(39, 66, 1, 8479, '../../../../Lubycon_Contents/user/39/profile.jpg', 'blandit', 'Arcu PC', 'Linköping', '000-310-9406', '1-351-546-4881', 'elementum.at.egestas@aauctornon.com', 'Public', 'Private', 'Private', 'Private'),
(40, 157, 3, 7028, '../../../../Lubycon_Contents/user/40/profile.jpg', 'Donec sollicitudin adipiscing ligula. Aenean gravida nunc sed pede. Cum', 'Varius Ultrices Mauris Company', 'Worcester', '091-208-6051', '1-810-604-1188', 'Quisque.libero@tristique.com', 'Private', 'Private', 'Private', 'Public'),
(41, 93, 4, 4769, '../../../../Lubycon_Contents/user/41/profile.jpg', 'porttitor', 'Torquent Per Conubia Consulting', 'Sete Lagoas', '019-622-0904', '1-225-945-1293', 'nunc.ullamcorper.eu@anteipsumprimis.com', 'Private', 'Private', 'Public', 'Private'),
(42, 31, 1, 7801, '../../../../Lubycon_Contents/user/42/profile.jpg', 'cursus. Integer mollis. Integer tincidunt aliquam arcu. Aliquam', 'Integer Corp.', 'Chemnitz', '083-685-2214', '1-427-317-2041', 'habitant@estNunc.edu', 'Private', 'Private', 'Public', 'Public'),
(43, 129, 1, 5525, '../../../../Lubycon_Contents/user/43/profile.jpg', 'lorem eu metus. In lorem.', 'Ipsum LLC', 'Carmarthen', '016-219-6759', '1-333-989-1380', 'vulputate@ultricesa.co.uk', 'Public', 'Private', 'Public', 'Private'),
(44, 87, 0, 2019, '../../../../Lubycon_Contents/user/44/profile.jpg', 'metus vitae velit egestas lacinia. Sed congue, elit sed', 'Laoreet Lectus Quis Consulting', 'Denderbelle', '006-620-8526', '1-918-416-2261', 'libero@elitNullafacilisi.net', 'Public', 'Private', 'Private', 'Private'),
(45, 71, 2, 9106, '../../../../Lubycon_Contents/user/45/profile.jpg', 'risus a ultricies adipiscing, enim mi tempor lorem,', 'Mus Proin Vel Limited', 'Pratovecchio', '095-524-6977', '1-587-445-1599', 'sed.dolor@utdolordapibus.org', 'Public', 'Private', 'Private', 'Public'),
(46, 67, 2, 5094, '../../../../Lubycon_Contents/user/46/profile.jpg', 'lorem ipsum sodales', 'Vestibulum Massa Rutrum Associates', 'Bellevue', '046-849-8931', '1-263-695-9779', 'velit.eu.sem@Integer.com', 'Private', 'Private', 'Private', 'Private'),
(47, 2, 1, 5809, '../../../../Lubycon_Contents/user/47/profile.jpg', 'nulla vulputate dui, nec tempus mauris erat', 'Mollis Nec Foundation', 'Ketchikan', '071-587-1251', '1-237-767-4846', 'eget.varius@Proineget.edu', 'Public', 'Private', 'Public', 'Private'),
(48, 129, 2, 3384, '../../../../Lubycon_Contents/user/48/profile.jpg', 'porttitor eros nec tellus. Nunc lectus pede, ultrices', 'Nulla Interdum Curabitur LLC', 'Mansfield-et-Pontefract', '044-491-8450', '1-576-623-4164', 'fringilla.mi.lacinia@amet.edu', 'Public', 'Private', 'Public', 'Public'),
(49, 144, 3, 3166, '../../../../Lubycon_Contents/user/49/profile.jpg', 'erat semper rutrum. Fusce dolor quam, elementum at, egestas a,', 'Urna Nec Luctus Inc.', 'Maple Ridge', '027-554-0610', '1-734-532-9427', 'Nullam@acturpis.com', 'Private', 'Private', 'Private', 'Public'),
(50, 198, 5, 5083, '../../../../Lubycon_Contents/user/50/profile.jpg', 'Donec luctus aliquet odio. Etiam ligula tortor, dictum eu,', 'Proin Eget Odio Incorporated', 'Pocatello', '082-730-5853', '1-638-751-2863', 'pharetra@gravidasagittisDuis.co.uk', 'Public', 'Private', 'Private', 'Private'),
(51, 192, 0, 7613, '../../../../Lubycon_Contents/user/51/profile.jpg', 'Ut nec urna et arcu imperdiet ullamcorper.', 'Malesuada Incorporated', 'Goderich', '057-700-9275', '1-737-687-7832', 'nec@sagittisNullam.co.uk', 'Public', 'Private', 'Private', 'Private'),
(52, 87, 0, 3548, '../../../../Lubycon_Contents/user/52/profile.jpg', 'a, aliquet vel, vulputate', 'Odio Nam Inc.', 'Woodstock', '095-319-6334', '1-810-954-5472', 'aliquet.magna@arcu.ca', 'Public', 'Private', 'Public', 'Public'),
(53, 177, 5, 8038, '../../../../Lubycon_Contents/user/53/profile.jpg', 'tortor. Nunc commodo auctor', 'Ultricies Adipiscing Institute', 'Liverpool', '095-947-9176', '1-924-657-1324', 'natoque.penatibus@Donecvitae.net', 'Public', 'Private', 'Public', 'Public'),
(54, 199, 5, 3291, '../../../../Lubycon_Contents/user/54/profile.jpg', 'Donec nibh. Quisque nonummy ipsum', 'Morbi Metus Incorporated', 'Parramatta', '024-325-8467', '1-761-210-0550', 'lacinia.mattis.Integer@dictumPhasellus.co.uk', 'Public', 'Private', 'Private', 'Private'),
(55, 117, 1, 7010, '../../../../Lubycon_Contents/user/55/profile.jpg', 'rutrum lorem ac risus. Morbi metus. Vivamus euismod urna. Nullam', 'Curabitur Ut Inc.', 'Kincardine', '044-767-6043', '1-130-967-2147', 'purus.sapien@venenatisa.org', 'Public', 'Private', 'Private', 'Private'),
(56, 160, 2, 1721, '../../../../Lubycon_Contents/user/56/profile.jpg', 'pharetra. Nam ac nulla. In tincidunt congue turpis.', 'Est LLC', 'Tambaram', '071-391-9126', '1-931-686-8313', 'nec@Curabitur.com', 'Public', 'Private', 'Private', 'Private'),
(57, 44, 2, 5435, '../../../../Lubycon_Contents/user/57/profile.jpg', 'vehicula. Pellentesque tincidunt tempus risus. Donec egestas. Duis ac', 'A Foundation', 'Dehri', '044-831-0892', '1-140-990-1914', 'et.ultrices.posuere@semPellentesqueut.co.uk', 'Private', 'Private', 'Private', 'Public'),
(58, 100, 3, 4622, '../../../../Lubycon_Contents/user/58/profile.jpg', 'feugiat metus sit', 'Et Ltd', 'Ligny', '090-554-0350', '1-268-725-7760', 'pede.Praesent.eu@rutrummagna.net', 'Private', 'Private', 'Public', 'Private'),
(59, 9, 2, 4163, '../../../../Lubycon_Contents/user/59/profile.jpg', 'Maecenas ornare', 'Ante Limited', 'Annapolis County', '012-295-3279', '1-577-900-6020', 'ullamcorper.magna.Sed@Loremipsum.org', 'Private', 'Private', 'Private', 'Public'),
(60, 196, 2, 2604, '../../../../Lubycon_Contents/user/60/profile.jpg', 'magna. Nam', 'Ligula Donec Corp.', 'Fahler', '079-333-9296', '1-958-335-7314', 'sit.amet.risus@Suspendisseeleifend.co.uk', 'Private', 'Private', 'Private', 'Public'),
(61, 196, 2, 5105, '../../../../Lubycon_Contents/user/61/profile.jpg', 'Pellentesque tincidunt tempus risus. Donec egestas. Duis', 'Ultrices Sit Amet Foundation', 'Moricone', '047-726-6062', '1-415-473-8252', 'interdum@fames.co.uk', 'Private', 'Private', 'Public', 'Public'),
(62, 107, 0, 2035, '../../../../Lubycon_Contents/user/62/profile.jpg', 'neque. Sed eget lacus. Mauris', 'Suspendisse Eleifend Corp.', 'Limelette', '001-639-6742', '1-402-770-8027', 'ac.urna.Ut@fringilla.org', 'Public', 'Private', 'Private', 'Public'),
(63, 154, 5, 4394, '../../../../Lubycon_Contents/user/63/profile.jpg', 'vulputate mauris sagittis', 'Enim Nisl Elementum PC', 'Castelnuovo Magra', '036-098-3588', '1-675-136-7550', 'orci@nequetellusimperdiet.net', 'Private', 'Private', 'Private', 'Private'),
(64, 170, 2, 2321, '../../../../Lubycon_Contents/user/64/profile.jpg', 'neque sed dictum eleifend, nunc risus', 'Integer Foundation', 'Nieuwegein', '089-842-5369', '1-852-785-7726', 'amet.consectetuer.adipiscing@dictum.net', 'Private', 'Private', 'Public', 'Private'),
(65, 21, 0, 9399, '../../../../Lubycon_Contents/user/65/profile.jpg', 'nonummy ut, molestie', 'Ut Consulting', 'Monguelfo-Tesido/Welsberg-Taisten', '023-895-6367', '1-186-324-9906', 'et.magnis@mauris.com', 'Private', 'Private', 'Public', 'Private'),
(66, 112, 4, 8313, '../../../../Lubycon_Contents/user/66/profile.jpg', 'elit. Curabitur sed tortor. Integer', 'Nascetur Ridiculus Mus PC', 'Shreveport', '056-244-0373', '1-881-540-6156', 'magna.Duis.dignissim@Aeneaneuismod.org', 'Private', 'Private', 'Public', 'Public'),
(67, 177, 0, 1208, '../../../../Lubycon_Contents/user/67/profile.jpg', 'torquent per conubia nostra, per inceptos hymenaeos. Mauris ut', 'Suspendisse Non Leo Incorporated', 'Balen', '065-136-1909', '1-970-931-1301', 'erat.semper@purusDuis.co.uk', 'Public', 'Private', 'Public', 'Public'),
(68, 118, 3, 8203, '../../../../Lubycon_Contents/user/68/profile.jpg', 'aliquet lobortis, nisi nibh lacinia orci, consectetuer', 'Aliquam Erat Volutpat Incorporated', 'Nocciano', '097-175-2068', '1-879-621-7399', 'per.inceptos.hymenaeos@tempor.edu', 'Public', 'Private', 'Private', 'Public'),
(69, 106, 2, 6287, '../../../../Lubycon_Contents/user/69/profile.jpg', 'tristique neque venenatis', 'Et Foundation', 'Andernach', '050-107-0204', '1-198-973-7911', 'faucibus.leo@dignissimmagna.edu', 'Private', 'Private', 'Private', 'Public'),
(70, 49, 1, 9955, '../../../../Lubycon_Contents/user/70/profile.jpg', 'id, mollis nec, cursus', 'Mauris Vestibulum Neque Foundation', 'Kalisz', '023-637-1618', '1-573-554-4647', 'Aenean.egestas@Utnec.com', 'Public', 'Private', 'Private', 'Public'),
(71, 192, 2, 7837, '../../../../Lubycon_Contents/user/71/profile.jpg', 'Nam nulla magna, malesuada vel, convallis in,', 'Odio Semper Corp.', 'Ferrandina', '050-810-0276', '1-231-526-7421', 'penatibus.et.magnis@Nam.org', 'Private', 'Private', 'Public', 'Public'),
(72, 9, 3, 6864, '../../../../Lubycon_Contents/user/72/profile.jpg', 'vitae nibh. Donec est mauris, rhoncus id,', 'Commodo Company', 'Wabamun', '015-760-2652', '1-987-458-0403', 'elementum.lorem@metusfacilisislorem.ca', 'Private', 'Private', 'Private', 'Private'),
(73, 72, 1, 3536, '../../../../Lubycon_Contents/user/73/profile.jpg', 'feugiat tellus lorem eu metus. In lorem.', 'Mauris Inc.', 'Waiheke Island', '024-954-1896', '1-430-281-6016', 'Nulla.tincidunt.neque@elitelitfermentum.org', 'Public', 'Private', 'Public', 'Private'),
(74, 68, 3, 1121, '../../../../Lubycon_Contents/user/74/profile.jpg', 'et risus. Quisque libero lacus, varius', 'Duis Mi Inc.', 'Awka', '051-581-7807', '1-290-883-1147', 'lectus@Phasellus.co.uk', 'Public', 'Private', 'Public', 'Private'),
(75, 215, 2, 6681, '../../../../Lubycon_Contents/user/75/profile.jpg', 'orci sem eget massa. Suspendisse eleifend. Cras sed leo.', 'Varius Et Euismod Corp.', 'Shawville', '006-319-5038', '1-723-684-1306', 'adipiscing.fringilla.porttitor@Curabiturutodio.ca', 'Private', 'Private', 'Private', 'Public'),
(76, 95, 2, 6395, '../../../../Lubycon_Contents/user/76/profile.jpg', 'tempus mauris erat eget ipsum. Suspendisse', 'Augue Scelerisque Corp.', 'Rhisnes', '032-236-1970', '1-973-998-5470', 'facilisis@Proin.net', 'Public', 'Private', 'Public', 'Public'),
(77, 232, 1, 6458, '../../../../Lubycon_Contents/user/77/profile.jpg', 'auctor, velit eget laoreet posuere, enim nisl elementum', 'Amet Massa Company', 'Castellana Sicula', '054-241-8661', '1-700-378-0961', 'Vivamus.euismod@amet.com', 'Public', 'Private', 'Private', 'Private'),
(78, 66, 2, 8675, '../../../../Lubycon_Contents/user/78/profile.jpg', 'scelerisque sed, sapien. Nunc pulvinar arcu et pede.', 'Tempor Arcu Inc.', 'Peterhead', '061-609-6440', '1-562-908-0502', 'nunc.id@molestie.com', 'Public', 'Private', 'Public', 'Public'),
(79, 107, 0, 1404, '../../../../Lubycon_Contents/user/79/profile.jpg', 'enim commodo hendrerit. Donec porttitor tellus non magna. Nam ligula', 'Eu Company', 'Ried im Innkreis', '048-247-6065', '1-101-720-3738', 'pretium.et.rutrum@Nunccommodoauctor.edu', 'Private', 'Private', 'Private', 'Public'),
(80, 19, 4, 5196, '../../../../Lubycon_Contents/user/80/profile.jpg', 'neque. Morbi quis urna. Nunc quis arcu vel quam', 'Elit Aliquam Auctor Corp.', 'Hathras', '066-234-3619', '1-949-702-7672', 'elit.sed@erat.co.uk', 'Private', 'Private', 'Public', 'Private'),
(81, 50, 2, 5279, '../../../../Lubycon_Contents/user/81/profile.jpg', 'habitant morbi tristique senectus et netus et', 'Egestas Consulting', 'Denver', '082-809-9084', '1-489-354-7179', 'eu.metus.In@elitafeugiat.com', 'Private', 'Private', 'Public', 'Public'),
(82, 116, 3, 5235, '../../../../Lubycon_Contents/user/82/profile.jpg', 'Nunc mauris elit, dictum eu, eleifend nec,', 'Semper Rutrum Fusce Incorporated', 'Humbeek', '090-344-8657', '1-993-384-3947', 'odio.vel@urnaVivamus.edu', 'Public', 'Private', 'Private', 'Private'),
(83, 98, 4, 1305, '../../../../Lubycon_Contents/user/83/profile.jpg', 'odio vel est tempor bibendum. Donec felis orci, adipiscing non,', 'Malesuada Malesuada Corp.', 'Terrance', '070-499-8280', '1-640-442-1416', 'Donec.dignissim@convallis.co.uk', 'Public', 'Private', 'Public', 'Public'),
(84, 97, 1, 2443, '../../../../Lubycon_Contents/user/84/profile.jpg', 'Lorem ipsum dolor sit amet, consectetuer adipiscing elit. Etiam', 'Pede Blandit Congue Industries', 'San Pietro al Tanagro', '099-325-3943', '1-444-878-9384', 'ut.nisi.a@at.com', 'Private', 'Private', 'Public', 'Public'),
(85, 200, 4, 6432, '../../../../Lubycon_Contents/user/85/profile.jpg', 'et malesuada fames ac turpis egestas. Aliquam fringilla cursus', 'Laoreet Industries', 'Nadiad', '002-520-3156', '1-862-890-9785', 'dui.quis@faucibus.net', 'Private', 'Private', 'Public', 'Public'),
(86, 124, 1, 7551, '../../../../Lubycon_Contents/user/86/profile.jpg', 'Cras vehicula aliquet libero. Integer in magna. Phasellus', 'Feugiat Nec Corp.', 'Vucht', '054-299-2407', '1-283-313-5930', 'vitae.mauris@duiSuspendisse.edu', 'Public', 'Private', 'Private', 'Public'),
(87, 38, 5, 9099, '../../../../Lubycon_Contents/user/87/profile.jpg', 'quam vel sapien imperdiet ornare. In faucibus.', 'Id Consulting', 'Murray Bridge', '027-863-6789', '1-694-522-7995', 'nulla.Integer@acsemut.edu', 'Private', 'Private', 'Public', 'Public'),
(88, 172, 1, 2870, '../../../../Lubycon_Contents/user/88/profile.jpg', 'eu eros. Nam consequat dolor vitae dolor.', 'Non Sapien Incorporated', 'Neustadt am Rübenberge', '081-767-8120', '1-769-233-0725', 'ultrices.sit.amet@senectusetnetus.com', 'Public', 'Private', 'Private', 'Public'),
(89, 226, 2, 6122, '../../../../Lubycon_Contents/user/89/profile.jpg', 'quis accumsan convallis, ante lectus convallis est, vitae sodales', 'Sem Semper Erat Ltd', 'Pirmasens', '015-665-2243', '1-127-709-1044', 'viverra.Donec.tempus@dui.ca', 'Private', 'Private', 'Private', 'Public'),
(90, 160, 1, 6159, '../../../../Lubycon_Contents/user/90/profile.jpg', 'neque tellus, imperdiet non,', 'Nec Ltd', 'Baie-Comeau', '017-349-3125', '1-638-593-6768', 'Mauris@dictumeu.net', 'Private', 'Private', 'Public', 'Private'),
(91, 45, 0, 2330, '../../../../Lubycon_Contents/user/91/profile.jpg', 'tristique pellentesque, tellus sem mollis dui, in sodales elit erat', 'Justo Praesent Luctus Corporation', 'Jedburgh', '083-591-4818', '1-827-275-3034', 'libero.lacus.varius@ipsumSuspendisse.com', 'Private', 'Private', 'Public', 'Private'),
(92, 211, 5, 9081, '../../../../Lubycon_Contents/user/92/profile.jpg', 'arcu. Sed eu nibh vulputate mauris sagittis placerat. Cras dictum', 'Ut Pharetra Associates', 'Opheylissem', '009-157-9208', '1-906-730-9880', 'amet.diam.eu@orciUt.org', 'Private', 'Private', 'Private', 'Private'),
(93, 128, 0, 7574, '../../../../Lubycon_Contents/user/93/profile.jpg', 'ultrices', 'Adipiscing Institute', 'Pak Pattan', '016-015-2445', '1-208-841-3343', 'egestas.hendrerit.neque@Maecenas.co.uk', 'Public', 'Private', 'Private', 'Private'),
(94, 85, 1, 6880, '../../../../Lubycon_Contents/user/94/profile.jpg', 'et, lacinia vitae, sodales at, velit. Pellentesque ultricies dignissim', 'Phasellus Dolor Elit LLP', 'B.S.D.', '002-089-2872', '1-902-749-6296', 'quis@mattisvelit.co.uk', 'Private', 'Private', 'Private', 'Public'),
(95, 139, 5, 5658, '../../../../Lubycon_Contents/user/95/profile.jpg', 'sapien imperdiet ornare. In faucibus.', 'Donec Felis Limited', 'Issy-les-Moulineaux', '073-016-4003', '1-252-323-4784', 'adipiscing.lobortis.risus@magnaLorem.edu', 'Private', 'Private', 'Private', 'Private'),
(96, 210, 2, 9812, '../../../../Lubycon_Contents/user/96/profile.jpg', 'Duis mi enim, condimentum eget, volutpat ornare, facilisis eget,', 'Et Netus Et Company', 'Borsbeek', '063-297-7470', '1-689-978-3598', 'tincidunt@enim.ca', 'Private', 'Private', 'Public', 'Public'),
(97, 123, 1, 4059, '../../../../Lubycon_Contents/user/97/profile.jpg', 'id magna et ipsum cursus vestibulum. Mauris magna. Duis dignissim', 'Vitae Aliquam LLC', 'Baardegem', '046-635-2914', '1-103-604-0533', 'commodo@cursusinhendrerit.co.uk', 'Public', 'Private', 'Private', 'Private'),
(98, 161, 5, 3801, '../../../../Lubycon_Contents/user/98/profile.jpg', 'tempor bibendum. Donec felis orci, adipiscing non, luctus sit amet,', 'Mauris A Nunc Associates', 'Mount Isa', '069-401-7064', '1-880-842-1782', 'vestibulum.nec.euismod@orci.net', 'Public', 'Private', 'Private', 'Public'),
(99, 73, 4, 2194, '../../../../Lubycon_Contents/user/99/profile.jpg', 'imperdiet', 'Diam Corporation', 'San Pablo', '028-350-6837', '1-716-229-3990', 'pede.sagittis@massa.edu', 'Private', 'Private', 'Private', 'Private'),
(100, 84, 0, 8667, '../../../../Lubycon_Contents/user/100/profile.jpg', 'parturient montes, nascetur ridiculus mus. Aenean eget magna. Suspendisse', 'Ac Ipsum LLC', 'Temploux', '069-540-1185', '1-898-167-3353', 'Nunc.laoreet.lectus@Pellentesque.ca', 'Private', 'Private', 'Private', 'Private'),
(101, 239, 4, 2525, '../../../../Lubycon_Contents/user/101/profile.jpg', 'luctus sit amet, faucibus ut, nulla.', 'Dolor LLC', 'Pero', '072-178-7358', '1-582-837-8142', 'senectus.et.netus@augue.ca', 'Public', 'Private', 'Private', 'Private'),
(102, 99, 1, 5311, '../../../../Lubycon_Contents/user/102/profile.jpg', 'at, libero. Morbi', 'Ultrices Sit LLP', 'North Berwick', '019-686-5871', '1-814-748-4925', 'adipiscing.lacus@tellus.co.uk', 'Private', 'Private', 'Public', 'Public'),
(103, 216, 4, 3622, '../../../../Lubycon_Contents/user/103/profile.jpg', 'velit eget laoreet posuere,', 'Lectus Consulting', 'Colina', '043-938-3757', '1-676-640-0765', 'Praesent.eu.nulla@pharetra.ca', 'Public', 'Private', 'Public', 'Public'),
(104, 140, 3, 6563, '../../../../Lubycon_Contents/user/104/profile.jpg', 'metus urna convallis erat, eget tincidunt dui augue', 'Eu Foundation', 'Nadiad', '021-356-1575', '1-416-451-4921', 'adipiscing@eu.org', 'Private', 'Private', 'Public', 'Public'),
(105, 138, 3, 5331, '../../../../Lubycon_Contents/user/105/profile.jpg', 'ut, pharetra sed,', 'Rhoncus Proin Inc.', 'Whithorn', '069-540-0102', '1-244-762-6351', 'eu@anteipsum.org', 'Private', 'Private', 'Public', 'Public'),
(106, 196, 3, 1470, '../../../../Lubycon_Contents/user/106/profile.jpg', 'felis, adipiscing fringilla,', 'Fringilla Incorporated', 'Mazzano Romano', '018-398-1933', '1-434-167-0469', 'consectetuer@egestas.net', 'Private', 'Private', 'Private', 'Public'),
(107, 161, 4, 5367, '../../../../Lubycon_Contents/user/107/profile.jpg', 'cursus,', 'Orci Luctus Limited', 'Bhagalpur', '029-081-7605', '1-779-205-8148', 'Donec.egestas.Aliquam@torquentperconubia.co.uk', 'Public', 'Private', 'Private', 'Private'),
(108, 198, 0, 2691, '../../../../Lubycon_Contents/user/108/profile.jpg', 'nunc ac mattis ornare, lectus ante', 'Accumsan Limited', 'Banbury', '061-199-8436', '1-355-745-3197', 'vel.mauris.Integer@enim.edu', 'Public', 'Private', 'Public', 'Private'),
(109, 99, 4, 8448, '../../../../Lubycon_Contents/user/109/profile.jpg', 'adipiscing elit.', 'Interdum Foundation', 'Robelmont', '034-837-4950', '1-584-313-9622', 'et.pede@atiaculis.com', 'Public', 'Private', 'Private', 'Public'),
(110, 99, 5, 1323, '../../../../Lubycon_Contents/user/110/profile.jpg', 'Aliquam gravida mauris ut', 'Semper Pretium Institute', 'Provost', '038-270-9504', '1-505-126-2071', 'adipiscing@Phasellus.ca', 'Public', 'Private', 'Private', 'Public'),
(111, 4, 4, 8730, '../../../../Lubycon_Contents/user/111/profile.jpg', 'est. Nunc ullamcorper, velit in', 'Maecenas Limited', 'Nandyal', '079-020-2641', '1-468-181-7591', 'purus@orciUtsagittis.com', 'Public', 'Private', 'Public', 'Private'),
(112, 6, 1, 2138, '../../../../Lubycon_Contents/user/112/profile.jpg', 'nibh. Quisque nonummy ipsum', 'Ut Sagittis Lobortis PC', 'Ferness', '052-876-0933', '1-610-697-8125', 'molestie@sit.ca', 'Private', 'Private', 'Public', 'Private'),
(113, 210, 0, 7725, '../../../../Lubycon_Contents/user/113/profile.jpg', 'pede ac urna. Ut tincidunt vehicula risus. Nulla eget metus', 'Integer Incorporated', 'Betim', '053-901-0306', '1-180-536-5697', 'lobortis.quam@molestiesodalesMauris.org', 'Public', 'Private', 'Public', 'Public'),
(114, 186, 5, 1840, '../../../../Lubycon_Contents/user/114/profile.jpg', 'non, egestas a, dui. Cras pellentesque.', 'Vestibulum Ante Ipsum Incorporated', 'Palencia', '066-624-1335', '1-724-617-6943', 'cursus@ac.org', 'Private', 'Private', 'Public', 'Private'),
(115, 200, 5, 6295, '../../../../Lubycon_Contents/user/115/profile.jpg', 'enim nisl elementum purus, accumsan interdum libero dui', 'Eget Metus Institute', 'Serramonacesca', '078-050-6900', '1-290-180-6416', 'hendrerit.Donec@Nullaeuneque.ca', 'Public', 'Private', 'Private', 'Private'),
(116, 208, 1, 9446, '../../../../Lubycon_Contents/user/116/profile.jpg', 'amet luctus vulputate, nisi sem semper', 'Aliquam Institute', 'Ciudad Real', '035-416-2433', '1-849-950-1498', 'vulputate@afacilisis.org', 'Public', 'Private', 'Private', 'Private'),
(117, 53, 4, 9452, '../../../../Lubycon_Contents/user/117/profile.jpg', 'consectetuer mauris id sapien.', 'Pellentesque Tellus Sem LLP', 'Traiguén', '005-459-4718', '1-801-299-9825', 'est@Suspendissenonleo.ca', 'Private', 'Private', 'Private', 'Private'),
(118, 7, 3, 5547, '../../../../Lubycon_Contents/user/118/profile.jpg', 'ligula. Aenean gravida nunc sed pede. Cum sociis', 'Nisi Mauris Nulla Industries', 'Shaki', '060-976-2853', '1-437-156-6903', 'Integer.sem.elit@dictum.edu', 'Public', 'Private', 'Public', 'Private'),
(119, 5, 0, 2786, '../../../../Lubycon_Contents/user/119/profile.jpg', 'Nulla facilisi. Sed neque. Sed eget', 'Tincidunt Congue Corp.', 'Izel', '037-477-8628', '1-468-170-8853', 'eleifend@eu.com', 'Public', 'Private', 'Private', 'Private'),
(120, 194, 3, 9500, '../../../../Lubycon_Contents/user/120/profile.jpg', 'augue, eu tempor erat neque non', 'Nec Institute', 'Porretta Terme', '021-026-2178', '1-496-546-6365', 'laoreet@hymenaeosMauris.net', 'Public', 'Private', 'Public', 'Public'),
(121, 93, 4, 5444, '../../../../Lubycon_Contents/user/121/profile.jpg', 'consectetuer adipiscing elit. Etiam', 'Libero Consulting', 'Paradise', '091-235-5509', '1-607-658-2576', 'molestie.arcu@Duisvolutpatnunc.co.uk', 'Private', 'Private', 'Public', 'Public'),
(122, 231, 4, 7962, '../../../../Lubycon_Contents/user/122/profile.jpg', 'ipsum cursus vestibulum. Mauris magna. Duis dignissim tempor arcu. Vestibulum', 'Viverra Donec Tempus LLP', 'Jodhpur', '053-399-2750', '1-157-122-0910', 'tincidunt.adipiscing@loremipsumsodales.edu', 'Public', 'Private', 'Public', 'Public'),
(123, 104, 2, 4046, '../../../../Lubycon_Contents/user/123/profile.jpg', 'sem ut cursus luctus, ipsum', 'Aliquam Institute', 'Huelva', '045-252-1683', '1-205-189-2797', 'dictum.eu@cursusluctusipsum.co.uk', 'Public', 'Private', 'Public', 'Private'),
(124, 6, 0, 1521, '../../../../Lubycon_Contents/user/124/profile.jpg', 'sagittis augue, eu tempor erat neque non quam.', 'Convallis Dolor Corp.', 'Toledo', '040-661-3813', '1-841-726-3064', 'semper.pretium@facilisis.ca', 'Private', 'Private', 'Private', 'Private'),
(125, 89, 0, 4219, '../../../../Lubycon_Contents/user/125/profile.jpg', 'nunc risus varius orci,', 'Mauris Morbi LLP', 'Béziers', '018-877-4290', '1-729-285-2879', 'vitae@quis.com', 'Public', 'Private', 'Public', 'Private'),
(126, 226, 4, 2036, '../../../../Lubycon_Contents/user/126/profile.jpg', 'sagittis augue, eu tempor erat neque non quam. Pellentesque', 'Ac Sem Ut Associates', 'Castel Ritaldi', '010-107-6597', '1-325-582-8689', 'eget.venenatis@massaMaurisvestibulum.org', 'Public', 'Private', 'Public', 'Public'),
(127, 40, 3, 6171, '../../../../Lubycon_Contents/user/127/profile.jpg', 'eros non enim commodo hendrerit. Donec porttitor tellus non magna.', 'Sed Corp.', 'Sefro', '005-628-2165', '1-875-394-5188', 'iaculis.aliquet@ipsumporta.edu', 'Public', 'Private', 'Private', 'Public'),
(128, 37, 1, 6829, '../../../../Lubycon_Contents/user/128/profile.jpg', 'ante', 'Gravida Sit Inc.', 'Agra', '034-282-4123', '1-847-156-2338', 'id@neque.net', 'Private', 'Private', 'Private', 'Private'),
(129, 211, 4, 7009, '../../../../Lubycon_Contents/user/129/profile.jpg', 'lorem ac risus.', 'Phasellus Nulla Integer LLP', 'Edmundston', '079-669-4688', '1-213-703-6091', 'ante.lectus@telluslorem.net', 'Public', 'Private', 'Private', 'Public'),
(130, 58, 1, 9564, '../../../../Lubycon_Contents/user/130/profile.jpg', 'est. Mauris eu turpis. Nulla aliquet.', 'Eu Dui Cum Inc.', 'Fontanellato', '085-603-8346', '1-930-730-6570', 'vitae@laciniavitae.edu', 'Public', 'Private', 'Public', 'Public'),
(131, 223, 0, 1757, '../../../../Lubycon_Contents/user/131/profile.jpg', 'elit sed consequat auctor, nunc nulla vulputate dui, nec', 'Mauris Nulla Integer Incorporated', 'Municipal District', '025-981-2872', '1-164-417-0150', 'nulla.ante@Vestibulumante.co.uk', 'Public', 'Private', 'Private', 'Private'),
(132, 3, 1, 9109, '../../../../Lubycon_Contents/user/132/profile.jpg', 'quis turpis', 'Placerat Ltd', 'Le Mans', '057-244-9326', '1-733-240-1324', 'tellus.justo@euelit.org', 'Private', 'Private', 'Public', 'Public'),
(133, 222, 1, 7380, '../../../../Lubycon_Contents/user/133/profile.jpg', 'at lacus. Quisque purus sapien, gravida', 'Lorem Vitae Consulting', 'Gjoa Haven', '024-687-0264', '1-588-950-2789', 'malesuada.vel@Maurisquis.net', 'Public', 'Private', 'Public', 'Private'),
(134, 192, 1, 5789, '../../../../Lubycon_Contents/user/134/profile.jpg', 'Cras eget', 'Libero Est Congue Ltd', 'Kelkheim', '083-914-1079', '1-145-406-6294', 'nulla.at.sem@purusMaecenas.org', 'Public', 'Private', 'Private', 'Private'),
(135, 183, 5, 2254, '../../../../Lubycon_Contents/user/135/profile.jpg', 'sem eget massa.', 'Nunc Ac Mattis Inc.', 'Ollolai', '026-244-7928', '1-537-867-4608', 'vulputate.dui.nec@lectusquismassa.edu', 'Public', 'Private', 'Public', 'Private'),
(136, 158, 2, 4054, '../../../../Lubycon_Contents/user/136/profile.jpg', 'quam. Curabitur vel', 'Mauris Vestibulum Limited', 'Lloydminster', '054-696-8121', '1-720-228-8687', 'metus.Aliquam.erat@ProinultricesDuis.org', 'Private', 'Private', 'Private', 'Private'),
(137, 202, 5, 1957, '../../../../Lubycon_Contents/user/137/profile.jpg', 'penatibus et magnis dis', 'Orci Donec Nibh LLP', 'Delmenhorst', '040-401-1209', '1-408-112-3492', 'nascetur@quisdiam.net', 'Public', 'Private', 'Private', 'Public'),
(138, 60, 1, 2655, '../../../../Lubycon_Contents/user/138/profile.jpg', 'pede nec ante blandit viverra. Donec tempus, lorem fringilla', 'Nisi Cum Sociis Inc.', 'Brugge Bruges', '074-998-6308', '1-591-291-5662', 'nunc@Pellentesque.ca', 'Private', 'Private', 'Public', 'Public'),
(139, 125, 5, 5172, '../../../../Lubycon_Contents/user/139/profile.jpg', 'lorem, auctor quis, tristique ac, eleifend vitae,', 'Est Nunc Limited', 'Ururi', '012-683-8697', '1-652-648-1300', 'a.felis@enimconsequat.org', 'Public', 'Private', 'Private', 'Private'),
(140, 66, 2, 2944, '../../../../Lubycon_Contents/user/140/profile.jpg', 'rutrum, justo. Praesent luctus. Curabitur egestas nunc', 'In Felis LLP', 'Eisenstadt', '075-447-4022', '1-237-708-2692', 'eget@NullamenimSed.edu', 'Private', 'Private', 'Private', 'Public'),
(141, 213, 4, 4291, '../../../../Lubycon_Contents/user/141/profile.jpg', 'magna. Duis dignissim tempor arcu. Vestibulum ut eros non', 'Gravida Nunc Sed Consulting', 'Gonnosfanadiga', '092-830-9613', '1-273-702-8213', 'id.erat@vel.co.uk', 'Public', 'Private', 'Public', 'Public'),
(142, 123, 2, 9914, '../../../../Lubycon_Contents/user/142/profile.jpg', 'volutpat. Nulla dignissim. Maecenas ornare egestas', 'Quisque Ac LLC', 'Boorsem', '093-798-2503', '1-912-709-3792', 'sed@dignissim.org', 'Private', 'Private', 'Public', 'Public'),
(143, 136, 0, 8470, '../../../../Lubycon_Contents/user/143/profile.jpg', 'in, tempus eu, ligula. Aenean euismod mauris eu', 'Gravida Aliquam Ltd', 'Comeglians', '084-082-5411', '1-944-808-9475', 'tempor.erat.neque@Donectempus.net', 'Public', 'Private', 'Private', 'Public'),
(144, 17, 2, 7752, '../../../../Lubycon_Contents/user/144/profile.jpg', 'nec urna et', 'Eget Ipsum Suspendisse LLC', 'Monteleone di Spoleto', '059-742-7122', '1-102-952-8679', 'est.congue.a@eget.com', 'Private', 'Private', 'Private', 'Public'),
(145, 53, 1, 3681, '../../../../Lubycon_Contents/user/145/profile.jpg', 'ornare lectus justo eu arcu.', 'Gravida Consulting', 'Burhanpur', '052-674-8467', '1-186-826-5947', 'Donec.egestas.Aliquam@Aliquamtinciduntnunc.org', 'Public', 'Private', 'Private', 'Private'),
(146, 31, 1, 3089, '../../../../Lubycon_Contents/user/146/profile.jpg', 'at pretium aliquet, metus urna convallis erat, eget tincidunt', 'Tellus Phasellus PC', 'Juneau', '021-785-0733', '1-797-668-5917', 'ultrices.sit@atfringilla.co.uk', 'Private', 'Private', 'Private', 'Public'),
(147, 161, 1, 8303, '../../../../Lubycon_Contents/user/147/profile.jpg', 'metus eu erat semper rutrum. Fusce dolor quam, elementum at,', 'Arcu Vivamus Sit LLP', 'Sittard', '084-497-8889', '1-500-394-9172', 'Aenean.sed.pede@miDuis.ca', 'Private', 'Private', 'Public', 'Private'),
(148, 67, 5, 5288, '../../../../Lubycon_Contents/user/148/profile.jpg', 'libero mauris, aliquam', 'Pretium Neque Corporation', 'Terneuzen', '001-157-1479', '1-313-174-5329', 'natoque@mi.edu', 'Private', 'Private', 'Private', 'Public'),
(149, 116, 1, 3637, '../../../../Lubycon_Contents/user/149/profile.jpg', 'Donec elementum, lorem', 'Quam Dignissim Pharetra LLC', 'Moere', '067-138-3109', '1-534-192-9228', 'In@ridiculus.ca', 'Private', 'Private', 'Private', 'Public'),
(150, 127, 2, 3059, '../../../../Lubycon_Contents/user/150/profile.jpg', 'convallis convallis dolor. Quisque tincidunt pede ac urna. Ut tincidunt', 'Tempor Erat LLP', 'Pau', '017-678-9854', '1-845-260-3610', 'fames.ac.turpis@urna.ca', 'Private', 'Private', 'Private', 'Public'),
(151, 188, 4, 9807, '../../../../Lubycon_Contents/user/151/profile.jpg', 'eros turpis', 'Neque Foundation', 'Cisterna di Latina', '047-578-0519', '1-925-827-9342', 'orci.adipiscing.non@ante.co.uk', 'Private', 'Private', 'Private', 'Private'),
(152, 10, 2, 3726, '../../../../Lubycon_Contents/user/152/profile.jpg', 'ultricies sem', 'Nulla Interdum Associates', 'Bulnes', '095-947-4500', '1-970-657-7228', 'a@rutrum.net', 'Private', 'Private', 'Private', 'Private'),
(153, 115, 0, 7787, '../../../../Lubycon_Contents/user/153/profile.jpg', 'a, arcu. Sed', 'Sodales Elit Associates', 'Lorient', '042-007-9659', '1-939-494-4203', 'urna@estacmattis.edu', 'Public', 'Private', 'Private', 'Private'),
(154, 150, 2, 9755, '../../../../Lubycon_Contents/user/154/profile.jpg', 'nunc sed pede. Cum sociis natoque penatibus et magnis dis', 'Ridiculus Corporation', 'Rockhampton', '039-832-3399', '1-253-105-1295', 'ultrices@Vivamus.co.uk', 'Public', 'Private', 'Public', 'Public'),
(155, 149, 3, 6955, '../../../../Lubycon_Contents/user/155/profile.jpg', 'eu', 'Mi Felis Adipiscing Limited', 'Toruń', '012-651-6143', '1-520-299-0294', 'Suspendisse.aliquet.molestie@Quisquefringillaeuismod.com', 'Private', 'Private', 'Private', 'Public'),
(156, 208, 4, 7640, '../../../../Lubycon_Contents/user/156/profile.jpg', 'et, magna. Praesent interdum ligula eu enim. Etiam imperdiet dictum', 'Adipiscing Elit Etiam LLP', 'Voitsberg', '023-071-9810', '1-445-227-5679', 'dolor@pharetra.net', 'Private', 'Private', 'Private', 'Public'),
(157, 80, 2, 2249, '../../../../Lubycon_Contents/user/157/profile.jpg', 'in aliquet lobortis,', 'Ultricies Ornare LLC', 'Sudbury', '066-265-6008', '1-313-864-4557', 'orci.adipiscing@adipiscing.edu', 'Public', 'Private', 'Public', 'Public'),
(158, 153, 0, 1143, '../../../../Lubycon_Contents/user/158/profile.jpg', 'Suspendisse eleifend. Cras sed leo. Cras vehicula aliquet', 'Adipiscing Elit Corporation', 'Vadodara', '067-440-6092', '1-667-465-8590', 'aliquam@Vestibulumanteipsum.com', 'Public', 'Private', 'Private', 'Private'),
(159, 184, 5, 1519, '../../../../Lubycon_Contents/user/159/profile.jpg', 'mi enim, condimentum eget, volutpat ornare, facilisis', 'In Lobortis Tellus Company', 'Pitlochry', '062-856-3564', '1-621-725-3029', 'dignissim.pharetra@condimentumegetvolutpat.edu', 'Public', 'Private', 'Private', 'Private'),
(160, 46, 3, 5965, '../../../../Lubycon_Contents/user/160/profile.jpg', 'commodo hendrerit. Donec porttitor tellus non magna. Nam', 'Nascetur Limited', 'Beuzet', '043-053-3548', '1-532-412-6048', 'Curabitur.vel@cubilia.co.uk', 'Private', 'Private', 'Private', 'Public'),
(161, 206, 0, 5473, '../../../../Lubycon_Contents/user/161/profile.jpg', 'dictum ultricies ligula. Nullam enim. Sed', 'Mauris Industries', 'Gubbio', '019-192-0686', '1-181-809-7686', 'nisl@sedconsequat.com', 'Private', 'Private', 'Public', 'Public'),
(162, 14, 4, 9355, '../../../../Lubycon_Contents/user/162/profile.jpg', 'pharetra. Quisque', 'Eleifend Egestas Sed Institute', 'Omal', '077-850-3261', '1-650-308-6330', 'enim@noncursusnon.ca', 'Public', 'Private', 'Public', 'Private'),
(163, 153, 4, 4056, '../../../../Lubycon_Contents/user/163/profile.jpg', 'non dui nec urna suscipit nonummy. Fusce fermentum', 'Morbi Quis Inc.', 'Helensburgh', '099-500-7595', '1-328-273-5931', 'cursus@imperdietornareIn.com', 'Public', 'Private', 'Public', 'Public'),
(164, 38, 1, 2160, '../../../../Lubycon_Contents/user/164/profile.jpg', 'sagittis. Nullam vitae diam. Proin dolor. Nulla', 'Adipiscing Mauris Molestie Ltd', 'Bocchigliero', '039-957-3500', '1-985-475-9421', 'et.magna.Praesent@magnased.co.uk', 'Private', 'Private', 'Private', 'Private'),
(165, 150, 5, 2492, '../../../../Lubycon_Contents/user/165/profile.jpg', 'odio. Aliquam vulputate', 'Orci Consectetuer Euismod Institute', 'Klosterneuburg', '079-056-0373', '1-377-706-4236', 'eget.laoreet@necdiam.net', 'Public', 'Private', 'Private', 'Public'),
(166, 36, 0, 5833, '../../../../Lubycon_Contents/user/166/profile.jpg', 'quam. Curabitur vel lectus. Cum sociis', 'Lectus Rutrum Foundation', 'Mobile', '004-833-9438', '1-862-988-2959', 'sem.eget.massa@sollicitudincommodoipsum.net', 'Public', 'Private', 'Public', 'Private'),
(167, 72, 5, 5405, '../../../../Lubycon_Contents/user/167/profile.jpg', 'Maecenas ornare egestas ligula. Nullam feugiat placerat velit. Quisque', 'Mattis Inc.', 'Sterling Heights', '047-062-0306', '1-796-218-2248', 'dapibus@ligulaNullamenim.org', 'Public', 'Private', 'Private', 'Public'),
(168, 90, 5, 8387, '../../../../Lubycon_Contents/user/168/profile.jpg', 'elit sed', 'Erat Sed Company', 'Baton Rouge', '038-987-3078', '1-560-297-8745', 'dolor@lectuspede.ca', 'Private', 'Private', 'Private', 'Public'),
(169, 162, 4, 9362, '../../../../Lubycon_Contents/user/169/profile.jpg', 'Phasellus ornare.', 'Dapibus Corporation', 'Arzano', '045-424-9554', '1-489-254-5894', 'vestibulum.massa.rutrum@risusatfringilla.ca', 'Public', 'Private', 'Private', 'Private'),
(170, 106, 3, 7791, '../../../../Lubycon_Contents/user/170/profile.jpg', 'ac ipsum.', 'Turpis Incorporated', 'Warri', '062-848-8706', '1-217-432-7111', 'Nulla.interdum@elementumsemvitae.net', 'Public', 'Private', 'Private', 'Public'),
(171, 235, 5, 2586, '../../../../Lubycon_Contents/user/171/profile.jpg', 'scelerisque', 'Vitae Nibh Donec Foundation', 'Gattatico', '013-012-4741', '1-415-445-8151', 'elit.a@estMauris.ca', 'Private', 'Private', 'Public', 'Private'),
(172, 216, 0, 3400, '../../../../Lubycon_Contents/user/172/profile.jpg', 'ut, pellentesque eget, dictum placerat, augue. Sed molestie.', 'Scelerisque Foundation', 'Red Deer', '035-347-9707', '1-279-538-1524', 'sapien@faucibus.edu', 'Private', 'Private', 'Private', 'Public'),
(173, 238, 5, 2359, '../../../../Lubycon_Contents/user/173/profile.jpg', 'iaculis nec, eleifend non, dapibus rutrum,', 'Lorem Ipsum Corp.', 'Mignanego', '066-277-8265', '1-769-372-6294', 'pede@non.co.uk', 'Public', 'Private', 'Public', 'Private'),
(174, 73, 5, 2534, '../../../../Lubycon_Contents/user/174/profile.jpg', 'Suspendisse aliquet, sem ut cursus luctus, ipsum leo', 'Integer Eu Consulting', 'Barasat', '082-833-6464', '1-373-260-3719', 'molestie@ultricesa.com', 'Public', 'Private', 'Private', 'Public'),
(175, 29, 2, 5471, '../../../../Lubycon_Contents/user/175/profile.jpg', 'tincidunt adipiscing. Mauris', 'Vel Faucibus Id LLC', 'Paine', '009-362-2078', '1-787-200-0886', 'tempus@anteipsumprimis.co.uk', 'Public', 'Private', 'Private', 'Public'),
(176, 145, 2, 8946, '../../../../Lubycon_Contents/user/176/profile.jpg', 'Cras dictum', 'Tincidunt LLP', 'Río Claro', '072-632-5845', '1-678-580-8915', 'sollicitudin.commodo@luctussit.co.uk', 'Private', 'Private', 'Public', 'Private'),
(177, 164, 0, 9521, '../../../../Lubycon_Contents/user/177/profile.jpg', 'et magnis dis parturient montes, nascetur', 'Lobortis Ultrices Vivamus Corporation', 'Colombes', '048-660-8575', '1-930-607-4268', 'lorem@parturient.co.uk', 'Public', 'Private', 'Private', 'Public'),
(178, 217, 4, 7076, '../../../../Lubycon_Contents/user/178/profile.jpg', 'Morbi accumsan', 'At Arcu Vestibulum Industries', 'Río Verde', '071-875-4621', '1-455-281-4970', 'Vivamus.non@sitamet.edu', 'Public', 'Private', 'Public', 'Private'),
(179, 197, 4, 2672, '../../../../Lubycon_Contents/user/179/profile.jpg', 'ligula. Nullam', 'Euismod LLC', 'Meer', '026-035-9845', '1-504-226-5102', 'odio@atpretiumaliquet.edu', 'Public', 'Private', 'Private', 'Private'),
(180, 34, 1, 8792, '../../../../Lubycon_Contents/user/180/profile.jpg', 'feugiat metus sit amet ante. Vivamus non lorem vitae', 'Vitae Erat Vel Company', 'Turgutlu', '070-153-5457', '1-700-117-5748', 'non.enim@urnaNullam.co.uk', 'Public', 'Private', 'Public', 'Public');


-- UserHistory
delete from `UserHistory`;
INSERT INTO `UserHistory` (`userCode`,`historyContents`,`historyDateYear`,`historyDateMonth`,`historyCategory`) VALUES (0,"fringilla cursus purus.",1993,"February","Awards"),(1,"Quisque porttitor eros",1999,"February","Work Experience"),(2,"Etiam laoreet, libero et tristique pellentesque,",1994,"February","Awards"),(3,"ipsum. Suspendisse",1992,"February","Work Experience"),(4,"cursus non, egestas a, dui. Cras",1999,"February","Awards"),(5,"ultrices iaculis odio.",1999,"January","Awards"),(6,"Aliquam nec enim. Nunc",1996,"January","Education"),(7,"aliquam, enim nec tempus scelerisque,",1998,"January","Work Experience"),(8,"orci. Donec",1991,"February","Education"),(9,"Aliquam",1990,"March","Education"),(10,"elementum, lorem",1995,"March","Education"),(11,"fames ac",1991,"January","Education"),(12,"eu lacus.",1998,"January","Work Experience"),(13,"cursus purus.",1990,"January","Awards"),(14,"et magnis dis",1993,"March","Awards"),(15,"laoreet lectus quis massa. Mauris vestibulum,",2000,"March","Awards"),(16,"odio semper cursus.",1991,"March","Awards"),(17,"at, egestas a,",1996,"January","Education"),(18,"ultricies",1992,"January","Awards"),(19,"lacus. Ut nec",1998,"March","Education"),(20,"iaculis nec, eleifend non, dapibus rutrum,",1990,"March","Education"),(21,"molestie arcu. Sed eu nibh",1994,"January","Education"),(22,"Nunc",1994,"March","Awards"),(23,"lorem semper auctor.",1998,"March","Education"),(24,"fermentum fermentum",1999,"January","Awards"),(25,"dolor vitae dolor. Donec fringilla. Donec",2000,"March","Education"),(26,"sit amet orci. Ut",1994,"February","Awards"),(27,"vestibulum massa rutrum magna.",1990,"March","Awards"),(28,"in aliquet lobortis,",1996,"February","Education"),(29,"feugiat. Sed nec metus facilisis",1993,"March","Awards"),(30,"tempor lorem,",1998,"February","Awards"),(31,"mattis velit",2000,"March","Awards"),(32,"accumsan interdum libero dui",1996,"February","Education"),(33,"sit amet metus. Aliquam erat",1999,"March","Work Experience"),(34,"sapien.",1990,"January","Education"),(35,"Cras dictum ultricies",1992,"March","Education"),(36,"malesuada augue ut lacus.",1992,"February","Awards"),(37,"eu, ultrices sit amet, risus.",1992,"January","Awards"),(38,"metus sit amet",1994,"March","Education"),(39,"dui. Fusce aliquam,",2000,"January","Education"),(40,"massa. Quisque porttitor",1997,"February","Work Experience"),(41,"ligula. Donec luctus aliquet",1999,"February","Education"),(42,"tellus sem mollis dui, in",1990,"February","Education"),(43,"leo.",1992,"January","Education"),(44,"Integer id",1999,"March","Work Experience"),(45,"nec luctus felis",1996,"March","Education"),(46,"ullamcorper viverra. Maecenas iaculis aliquet",2000,"March","Awards"),(47,"molestie tellus. Aenean",1992,"February","Work Experience"),(48,"consectetuer rhoncus. Nullam velit",1993,"March","Awards"),(49,"dolor. Fusce feugiat.",1994,"March","Education"),(50,"consequat",1991,"January","Awards"),(51,"tellus. Suspendisse sed dolor. Fusce",1990,"January","Awards"),(52,"amet diam",1999,"March","Education"),(53,"Mauris",1997,"March","Work Experience"),(54,"lacinia",1995,"January","Awards"),(55,"elit. Curabitur sed",1994,"March","Work Experience"),(56,"Mauris vestibulum, neque sed dictum eleifend,",1996,"February","Awards"),(57,"in,",1995,"February","Awards"),(58,"fringilla, porttitor vulputate,",1994,"March","Education"),(59,"tellus justo sit",1997,"January","Work Experience"),(60,"nulla.",1991,"March","Work Experience"),(61,"fringilla, porttitor vulputate,",2000,"March","Awards"),(62,"et",1995,"March","Education"),(63,"quis turpis",1995,"February","Education"),(64,"elit, a feugiat tellus",2000,"March","Education"),(65,"non ante bibendum",1995,"March","Education"),(66,"Mauris vel turpis. Aliquam adipiscing",1998,"January","Education"),(67,"dignissim pharetra. Nam",1995,"February","Work Experience"),(68,"lacus. Nulla tincidunt, neque vitae semper",2000,"January","Education"),(69,"scelerisque dui.",1994,"February","Awards"),(70,"velit eu sem.",1993,"February","Education"),(71,"sit",1999,"February","Awards"),(72,"blandit mattis.",1990,"January","Awards"),(73,"a neque. Nullam ut",1998,"February","Awards"),(74,"aliquam",2000,"February","Education"),(75,"Fusce feugiat. Lorem ipsum dolor",1999,"January","Work Experience"),(76,"vel, faucibus id, libero. Donec consectetuer",1996,"January","Education"),(77,"gravida non, sollicitudin a,",1992,"March","Education"),(78,"velit. Quisque",1999,"January","Work Experience"),(79,"est,",1992,"February","Awards"),(80,"neque vitae semper egestas, urna",1993,"January","Work Experience");
INSERT INTO `UserHistory` (`userCode`,`historyContents`,`historyDateYear`,`historyDateMonth`,`historyCategory`) VALUES (81,"odio vel est tempor bibendum. Donec",1992,"March","Education"),(82,"Nulla facilisis. Suspendisse",1999,"March","Awards"),(83,"congue. In scelerisque scelerisque dui. Suspendisse",1992,"March","Work Experience"),(84,"enim",2000,"February","Education"),(85,"est mauris, rhoncus id,",1997,"February","Work Experience"),(86,"arcu.",2000,"February","Work Experience"),(87,"neque.",1998,"January","Awards"),(88,"egestas,",1990,"February","Education"),(89,"congue turpis.",1996,"January","Education"),(90,"velit eget",1995,"January","Education"),(91,"Duis gravida. Praesent eu",1999,"January","Awards"),(92,"sit amet diam eu",1993,"February","Awards"),(93,"dis",1994,"January","Education"),(94,"venenatis vel, faucibus id, libero. Donec",2000,"March","Awards"),(95,"Sed eu nibh",1994,"March","Awards"),(96,"Duis cursus, diam at",1999,"February","Awards"),(97,"feugiat non,",1997,"March","Education"),(98,"Nulla eu",1997,"March","Awards"),(99,"orci",1998,"February","Awards");
INSERT INTO `UserHistory` (`userCode`,`historyContents`,`historyDateYear`,`historyDateMonth`,`historyCategory`) VALUES (0,"placerat,",2009,"March","Awards"),(1,"justo.",2004,"March","Education"),(2,"pretium et, rutrum non, hendrerit id,",2001,"May","Education"),(3,"metus. Aliquam erat volutpat.",2006,"January","Work Experience"),(4,"ornare lectus justo",2004,"March","Work Experience"),(5,"ut aliquam iaculis, lacus",2006,"January","Education"),(6,"iaculis enim, sit amet ornare lectus",2007,"January","Education"),(7,"fermentum",2004,"February","Education"),(8,"ligula eu enim. Etiam imperdiet",2001,"January","Education"),(9,"Cras vulputate velit eu",2006,"May","Education"),(10,"luctus vulputate, nisi sem",2002,"January","Education"),(11,"vitae, erat. Vivamus nisi.",2007,"March","Education"),(12,"egestas a, scelerisque",2007,"May","Work Experience"),(13,"velit justo nec ante. Maecenas mi",2009,"January","Work Experience"),(14,"Duis at",2006,"January","Work Experience"),(15,"sem. Pellentesque ut ipsum",2010,"May","Education"),(16,"malesuada id,",2003,"February","Work Experience"),(17,"ipsum. Phasellus vitae mauris",2007,"May","Education"),(18,"ipsum dolor sit amet, consectetuer adipiscing",2009,"March","Education"),(19,"ornare",2008,"March","Work Experience"),(20,"lacinia orci, consectetuer",2007,"February","Education"),(21,"Donec non",2001,"February","Work Experience"),(22,"urna. Ut tincidunt vehicula",2001,"January","Education"),(23,"non quam.",2001,"March","Awards"),(24,"lorem fringilla ornare placerat,",2008,"March","Awards"),(25,"amet luctus",2010,"March","Awards"),(26,"dui, in sodales elit erat vitae",2004,"January","Awards"),(27,"mattis ornare,",2001,"February","Awards"),(28,"odio, auctor vitae,",2010,"February","Work Experience"),(29,"egestas lacinia.",2006,"January","Education"),(30,"sollicitudin orci sem",2009,"March","Work Experience"),(31,"gravida nunc sed pede.",2006,"January","Education"),(32,"arcu",2002,"May","Education"),(33,"pede ac",2010,"February","Education"),(34,"semper erat, in",2002,"February","Education"),(35,"et, rutrum non,",2001,"May","Work Experience"),(36,"luctus, ipsum leo",2002,"February","Awards"),(37,"mauris, aliquam",2010,"May","Work Experience"),(38,"tincidunt. Donec vitae erat vel pede",2003,"May","Awards"),(39,"porta",2005,"March","Awards"),(40,"Suspendisse aliquet molestie",2001,"May","Work Experience"),(41,"sagittis.",2003,"May","Work Experience"),(42,"Curabitur ut",2009,"January","Awards"),(43,"Vivamus sit amet risus. Donec",2008,"March","Work Experience"),(44,"augue ut lacus. Nulla tincidunt, neque",2006,"January","Awards"),(45,"ut lacus. Nulla tincidunt, neque vitae",2003,"March","Awards"),(46,"velit",2004,"January","Work Experience"),(47,"urna. Nullam lobortis quam",2009,"March","Education"),(48,"Aenean",2010,"January","Work Experience"),(49,"ut dolor dapibus gravida. Aliquam tincidunt,",2002,"March","Work Experience"),(50,"in",2006,"January","Education"),(51,"amet, risus. Donec",2003,"January","Work Experience"),(52,"mus. Donec dignissim",2007,"March","Work Experience"),(53,"Duis cursus, diam at pretium",2007,"January","Work Experience"),(54,"aliquam",2008,"March","Education"),(55,"fermentum vel, mauris. Integer sem",2006,"May","Work Experience"),(56,"elit erat vitae",2006,"March","Education"),(57,"in",2008,"May","Education"),(58,"nisl elementum purus, accumsan interdum",2001,"May","Work Experience"),(59,"sem, consequat nec, mollis vitae, posuere",2009,"February","Work Experience"),(60,"id magna et ipsum cursus vestibulum.",2009,"March","Education"),(61,"fames",2010,"February","Awards"),(62,"sapien molestie",2009,"March","Education"),(63,"adipiscing, enim",2007,"February","Awards"),(64,"fringilla mi lacinia mattis. Integer",2008,"January","Awards"),(65,"Aliquam adipiscing lobortis risus.",2005,"March","Awards"),(66,"blandit viverra. Donec tempus, lorem fringilla",2010,"May","Education"),(67,"ornare placerat, orci lacus",2003,"January","Education"),(68,"pede. Cum sociis natoque penatibus et",2008,"March","Awards"),(69,"Duis risus odio, auctor",2008,"February","Awards"),(70,"risus. In mi",2005,"May","Education"),(71,"parturient montes,",2008,"May","Work Experience"),(72,"a",2006,"May","Work Experience"),(73,"sagittis augue, eu",2009,"March","Education"),(74,"aliquam arcu. Aliquam ultrices iaculis",2008,"February","Awards"),(75,"vel lectus. Cum sociis natoque penatibus",2001,"January","Work Experience"),(76,"ut aliquam iaculis, lacus pede",2009,"May","Awards"),(77,"mi.",2003,"February","Work Experience"),(78,"Vivamus non lorem",2002,"March","Education"),(79,"Donec consectetuer mauris id",2001,"May","Work Experience"),(80,"dictum",2009,"January","Education");
INSERT INTO `UserHistory` (`userCode`,`historyContents`,`historyDateYear`,`historyDateMonth`,`historyCategory`) VALUES (81,"Integer aliquam adipiscing lacus. Ut nec",2010,"February","Awards"),(82,"rhoncus id, mollis nec, cursus a,",2004,"January","Work Experience"),(83,"quam vel sapien imperdiet ornare. In",2006,"January","Awards"),(84,"eu, ultrices sit amet, risus. Donec",2004,"January","Work Experience"),(85,"sit amet ornare lectus justo eu",2010,"March","Education"),(86,"feugiat. Lorem",2005,"January","Education"),(87,"massa rutrum magna.",2010,"January","Education"),(88,"tincidunt vehicula risus. Nulla",2008,"March","Work Experience"),(89,"eu, euismod ac,",2010,"May","Work Experience"),(90,"aptent",2004,"March","Education"),(91,"risus. Nunc ac",2008,"May","Education"),(92,"massa. Mauris vestibulum, neque sed",2002,"May","Awards"),(93,"risus. Donec nibh enim,",2005,"May","Awards"),(94,"tristique senectus",2010,"February","Work Experience"),(95,"porttitor",2010,"March","Work Experience"),(96,"Duis",2001,"January","Awards"),(97,"turpis non enim. Mauris quis",2002,"February","Awards"),(98,"Duis a mi fringilla mi lacinia",2009,"January","Education"),(99,"vestibulum",2006,"March","Awards");


-- Language --

delete from `UserLanguage`;
INSERT INTO `UserLanguage` (`userCode`,`languageLevel`,`languageName`) VALUES (0,"Advanced","Ireland"),(1,"Advanced","Belgium"),(2,"Advanced","Timor-Leste"),(3,"Fluent","United Arab Emirates"),(4,"Beginner","Grenada"),(5,"Fluent","Madagascar"),(6,"Fluent","United States Minor Outlying Islands"),(7,"Beginner","Albania"),(8,"Advanced","Bosnia and Herzegovina"),(9,"Advanced","Jamaica"),(10,"Advanced","Equatorial Guinea"),(11,"Fluent","Lebanon"),(12,"Advanced","Saint Pierre and Miquelon"),(13,"Advanced","Kyrgyzstan"),(14,"Fluent","Uzbekistan"),(15,"Advanced","Namibia"),(16,"Advanced","Myanmar"),(17,"Beginner","Suriname"),(18,"Beginner","Malta"),(19,"Beginner","Namibia"),(20,"Fluent","Latvia"),(21,"Fluent","Denmark"),(22,"Beginner","United Kingdom (Great Britain)"),(23,"Beginner","Korea, South"),(24,"Beginner","China"),(25,"Beginner","Chile"),(26,"Beginner","Croatia"),(27,"Fluent","Saint Kitts and Nevis"),(28,"Advanced","Trinidad and Tobago"),(29,"Advanced","Gambia"),(30,"Advanced","Rwanda"),(31,"Fluent","Reunion"),(32,"Fluent","Benin"),(33,"Beginner","Peru"),(34,"Fluent","Tokelau"),(35,"Fluent","Uganda"),(36,"Fluent","United States"),(37,"Advanced","Kenya"),(38,"Fluent","Brunei"),(39,"Fluent","Mauritania"),(40,"Fluent","Guadeloupe"),(41,"Advanced","Kyrgyzstan"),(42,"Advanced","Reunion"),(43,"Advanced","Italy"),(44,"Beginner","Comoros"),(45,"Beginner","Austria"),(46,"Advanced","Palestine, State of"),(47,"Advanced","Eritrea"),(48,"Fluent","Benin"),(49,"Beginner","Saudi Arabia"),(50,"Advanced","French Guiana"),(51,"Beginner","Spain"),(52,"Beginner","Trinidad and Tobago"),(53,"Beginner","Chile"),(54,"Advanced","Germany"),(55,"Fluent","Wallis and Futuna"),(56,"Advanced","Gibraltar"),(57,"Beginner","Curaçao"),(58,"Fluent","Jersey"),(59,"Fluent","Anguilla"),(60,"Beginner","Ukraine"),(61,"Beginner","Somalia"),(62,"Advanced","Bouvet Island"),(63,"Beginner","Antarctica"),(64,"Advanced","Andorra"),(65,"Beginner","Western Sahara"),(66,"Fluent","Austria"),(67,"Beginner","Tanzania"),(68,"Advanced","Montserrat"),(69,"Fluent","Rwanda"),(70,"Fluent","United States"),(71,"Beginner","Niger"),(72,"Beginner","Chad"),(73,"Advanced","Cameroon"),(74,"Fluent","Uzbekistan"),(75,"Advanced","Kazakhstan"),(76,"Advanced","Cocos (Keeling) Islands"),(77,"Beginner","Croatia"),(78,"Fluent","Gibraltar"),(79,"Fluent","Greenland"),(80,"Advanced","Canada"),(81,"Advanced","Côte D'Ivoire (Ivory Coast)"),(82,"Beginner","Moldova"),(83,"Advanced","Taiwan"),(84,"Advanced","Equatorial Guinea"),(85,"Beginner","Congo, the Democratic RePublic of the"),(86,"Advanced","Iran"),(87,"Beginner","Anguilla"),(88,"Beginner","San Marino"),(89,"Advanced","Swaziland"),(90,"Beginner","Åland Islands"),(91,"Beginner","Pakistan"),(92,"Advanced","Ecuador"),(93,"Beginner","Faroe Islands"),(94,"Fluent","Netherlands"),(95,"Advanced","Samoa"),(96,"Fluent","Bouvet Island"),(97,"Beginner","Kiribati"),(98,"Fluent","Tajikistan"),(99,"Advanced","Austria");
INSERT INTO `UserLanguage` (`userCode`,`languageLevel`,`languageName`) VALUES (0,"Beginner","Namibia"),(1,"Fluent","Timor-Leste"),(2,"Beginner","Cameroon"),(3,"Beginner","Madagascar"),(4,"Beginner","United States Minor Outlying Islands"),(5,"Advanced","Malta"),(6,"Beginner","Saint Martin"),(7,"Beginner","Reunion"),(8,"Advanced","Cook Islands"),(9,"Advanced","Dominican RePublic"),(10,"Fluent","Hong Kong"),(11,"Beginner","Cocos (Keeling) Islands"),(12,"Beginner","Pakistan"),(13,"Advanced","San Marino"),(14,"Advanced","Latvia"),(15,"Beginner","Namibia"),(16,"Fluent","Somalia"),(17,"Fluent","Tonga"),(18,"Advanced","United States Minor Outlying Islands"),(19,"Fluent","Lesotho"),(20,"Advanced","Tanzania"),(21,"Advanced","Samoa"),(22,"Advanced","Zambia"),(23,"Beginner","Togo"),(24,"Beginner","United Arab Emirates"),(25,"Fluent","Bolivia"),(26,"Beginner","Iceland"),(27,"Beginner","Uzbekistan"),(28,"Beginner","Mozambique"),(29,"Fluent","Paraguay"),(30,"Advanced","South Sudan"),(31,"Advanced","Curaçao"),(32,"Advanced","New Zealand"),(33,"Fluent","Philippines"),(34,"Beginner","Mauritius"),(35,"Advanced","Kuwait"),(36,"Beginner","Suriname"),(37,"Beginner","Brunei"),(38,"Advanced","Colombia"),(39,"Beginner","Mexico"),(40,"Beginner","Guinea-Bissau"),(41,"Fluent","Pakistan"),(42,"Fluent","San Marino"),(43,"Beginner","Turks and Caicos Islands"),(44,"Beginner","Zambia"),(45,"Beginner","Nigeria"),(46,"Beginner","Libya"),(47,"Advanced","Maldives"),(48,"Fluent","Senegal"),(49,"Beginner","Mexico"),(50,"Beginner","Western Sahara"),(51,"Advanced","Samoa"),(52,"Fluent","Kenya"),(53,"Advanced","Aruba"),(54,"Beginner","Bangladesh"),(55,"Beginner","Timor-Leste"),(56,"Fluent","American Samoa"),(57,"Fluent","Viet Nam"),(58,"Beginner","Tuvalu"),(59,"Beginner","Tunisia"),(60,"Beginner","Argentina"),(61,"Advanced","Cambodia"),(62,"Beginner","Aruba"),(63,"Beginner","Cameroon"),(64,"Fluent","Russian Federation"),(65,"Fluent","Luxembourg"),(66,"Beginner","Korea, North"),(67,"Fluent","Namibia"),(68,"Beginner","Gabon"),(69,"Fluent","Cocos (Keeling) Islands"),(70,"Fluent","French Polynesia"),(71,"Beginner","Viet Nam"),(72,"Beginner","Åland Islands"),(73,"Advanced","Algeria"),(74,"Advanced","Portugal"),(75,"Fluent","Haiti"),(76,"Fluent","Finland"),(77,"Beginner","Morocco"),(78,"Advanced","Bangladesh"),(79,"Fluent","Laos"),(80,"Advanced","Uruguay"),(81,"Beginner","Bahamas"),(82,"Fluent","Somalia"),(83,"Beginner","Tunisia"),(84,"Beginner","Chad"),(85,"Advanced","Brazil"),(86,"Fluent","Tokelau"),(87,"Advanced","Uruguay"),(88,"Beginner","Uzbekistan"),(89,"Fluent","Mayotte"),(90,"Advanced","Syria"),(91,"Advanced","Saint Pierre and Miquelon"),(92,"Advanced","Tajikistan"),(93,"Fluent","Myanmar"),(94,"Fluent","Hong Kong"),(95,"Advanced","Cook Islands"),(96,"Beginner","Mali"),(97,"Beginner","Tuvalu"),(98,"Beginner","Norfolk Island"),(99,"Fluent","Virgin Islands, British");
INSERT INTO `UserLanguage` (`userCode`,`languageLevel`,`languageName`) VALUES (0,"Fluent","Bolivia"),(1,"Fluent","Benin"),(2,"Advanced","Korea, South"),(3,"Beginner","Zimbabwe"),(4,"Advanced","Singapore"),(5,"Fluent","Moldova"),(6,"Beginner","Gibraltar"),(7,"Beginner","Estonia"),(8,"Fluent","Dominican RePublic"),(9,"Beginner","Bangladesh"),(10,"Advanced","India"),(11,"Fluent","Cocos (Keeling) Islands"),(12,"Advanced","Liberia"),(13,"Advanced","Italy"),(14,"Beginner","Curaçao"),(15,"Advanced","Saint Vincent and The Grenadines"),(16,"Fluent","Tunisia"),(17,"Advanced","Macao"),(18,"Fluent","Guernsey"),(19,"Advanced","Thailand"),(20,"Beginner","Saint Lucia"),(21,"Fluent","Palau"),(22,"Beginner","Armenia"),(23,"Fluent","Anguilla"),(24,"Fluent","Jamaica"),(25,"Fluent","Angola"),(26,"Advanced","Netherlands"),(27,"Advanced","Cyprus"),(28,"Fluent","Faroe Islands"),(29,"Fluent","Cape Verde"),(30,"Advanced","Brazil"),(31,"Advanced","Comoros"),(32,"Fluent","Liberia"),(33,"Advanced","Marshall Islands"),(34,"Fluent","Mauritania"),(35,"Advanced","French Polynesia"),(36,"Advanced","Svalbard and Jan Mayen Islands"),(37,"Beginner","Bouvet Island"),(38,"Fluent","New Caledonia"),(39,"Beginner","Reunion"),(40,"Beginner","Seychelles"),(41,"Advanced","Ethiopia"),(42,"Advanced","Bonaire, Sint Eustatius and Saba"),(43,"Advanced","Madagascar"),(44,"Beginner","New Caledonia"),(45,"Beginner","South Africa"),(46,"Fluent","Tonga"),(47,"Advanced","Curaçao"),(48,"Fluent","Cyprus"),(49,"Beginner","Denmark"),(50,"Beginner","Morocco"),(51,"Fluent","Uganda"),(52,"Beginner","Laos"),(53,"Beginner","Bermuda"),(54,"Beginner","Pitcairn Islands"),(55,"Advanced","Luxembourg"),(56,"Fluent","Botswana"),(57,"Beginner","Mali"),(58,"Beginner","Ghana"),(59,"Advanced","French Polynesia"),(60,"Fluent","France"),(61,"Beginner","Cook Islands"),(62,"Beginner","Gambia"),(63,"Advanced","Nepal"),(64,"Beginner","Saint Barthélemy"),(65,"Fluent","Nicaragua"),(66,"Fluent","Puerto Rico"),(67,"Fluent","Guam"),(68,"Fluent","Greece"),(69,"Beginner","Guinea"),(70,"Advanced","Liberia"),(71,"Advanced","Armenia"),(72,"Fluent","Benin"),(73,"Advanced","Cambodia"),(74,"Beginner","United States Minor Outlying Islands"),(75,"Advanced","Kenya"),(76,"Advanced","Fiji"),(77,"Advanced","Nicaragua"),(78,"Beginner","Isle of Man"),(79,"Beginner","Cook Islands"),(80,"Beginner","Poland"),(81,"Fluent","Bosnia and Herzegovina"),(82,"Beginner","Cocos (Keeling) Islands"),(83,"Fluent","Panama"),(84,"Advanced","Maldives"),(85,"Beginner","Isle of Man"),(86,"Fluent","Tonga"),(87,"Advanced","Slovakia"),(88,"Beginner","Georgia"),(89,"Advanced","Portugal"),(90,"Advanced","Bulgaria"),(91,"Fluent","Libya"),(92,"Fluent","Italy"),(93,"Advanced","Guatemala"),(94,"Advanced","Bosnia and Herzegovina"),(95,"Fluent","Gabon"),(96,"Beginner","Mozambique"),(97,"Beginner","Libya"),(98,"Fluent","Malaysia"),(99,"Fluent","Northern Mariana Islands");
INSERT INTO `UserLanguage` (`userCode`,`languageLevel`,`languageName`) VALUES (0,"Fluent","Falkland Islands"),(1,"Beginner","Hungary"),(2,"Fluent","Hong Kong"),(3,"Advanced","Tonga"),(4,"Beginner","Saint Kitts and Nevis"),(5,"Fluent","Guadeloupe"),(6,"Fluent","Dominica"),(7,"Beginner","Greece"),(8,"Fluent","Tuvalu"),(9,"Fluent","Bahamas"),(10,"Fluent","Niger"),(11,"Fluent","Italy"),(12,"Fluent","San Marino"),(13,"Beginner","Sierra Leone"),(14,"Advanced","Argentina"),(15,"Advanced","Israel"),(16,"Beginner","Greenland"),(17,"Advanced","Côte D'Ivoire (Ivory Coast)"),(18,"Fluent","French Guiana"),(19,"Advanced","Dominica"),(20,"Beginner","Iraq"),(21,"Beginner","Germany"),(22,"Beginner","Israel"),(23,"Beginner","Egypt"),(24,"Fluent","Afghanistan"),(25,"Beginner","Korea, South"),(26,"Advanced","Åland Islands"),(27,"Fluent","Monaco"),(28,"Advanced","Ecuador"),(29,"Advanced","Qatar"),(30,"Fluent","Lesotho"),(31,"Advanced","Djibouti"),(32,"Advanced","Japan"),(33,"Fluent","Vanuatu"),(34,"Advanced","Tuvalu"),(35,"Fluent","Germany"),(36,"Beginner","Nauru"),(37,"Fluent","Monaco"),(38,"Advanced","Hong Kong"),(39,"Fluent","Bonaire, Sint Eustatius and Saba"),(40,"Beginner","Estonia"),(41,"Advanced","Rwanda"),(42,"Fluent","Seychelles"),(43,"Fluent","Cocos (Keeling) Islands"),(44,"Beginner","Sudan"),(45,"Fluent","Singapore"),(46,"Beginner","Iceland"),(47,"Advanced","Armenia"),(48,"Beginner","Senegal"),(49,"Beginner","Italy"),(50,"Advanced","Papua New Guinea"),(51,"Advanced","Spain"),(52,"Advanced","Zambia"),(53,"Beginner","El Salvador"),(54,"Advanced","United Kingdom (Great Britain)"),(55,"Fluent","Cyprus"),(56,"Beginner","Liechtenstein"),(57,"Beginner","Korea, North"),(58,"Advanced","Yemen"),(59,"Fluent","Netherlands"),(60,"Fluent","Tuvalu"),(61,"Fluent","Cameroon"),(62,"Fluent","Anguilla"),(63,"Advanced","Tunisia"),(64,"Fluent","Cuba"),(65,"Advanced","Andorra"),(66,"Fluent","Morocco"),(67,"Fluent","Falkland Islands"),(68,"Advanced","Micronesia"),(69,"Advanced","Honduras"),(70,"Beginner","Thailand"),(71,"Beginner","Uruguay"),(72,"Beginner","Papua New Guinea"),(73,"Beginner","Iran"),(74,"Fluent","Kazakhstan"),(75,"Advanced","Zimbabwe"),(76,"Advanced","Bosnia and Herzegovina"),(77,"Advanced","Saint Vincent and The Grenadines"),(78,"Fluent","Guyana"),(79,"Beginner","Cape Verde"),(80,"Beginner","Samoa"),(81,"Advanced","Grenada"),(82,"Beginner","Singapore"),(83,"Fluent","Mauritius"),(84,"Beginner","Holy See (Vatican City State)"),(85,"Beginner","Panama"),(86,"Beginner","Madagascar"),(87,"Fluent","Pakistan"),(88,"Fluent","Saint Lucia"),(89,"Beginner","Eritrea"),(90,"Advanced","Indonesia"),(91,"Fluent","Cuba"),(92,"Fluent","Mongolia"),(93,"Beginner","Dominica"),(94,"Advanced","Djibouti"),(95,"Advanced","Bouvet Island"),(96,"Fluent","Congo (Brazzaville)"),(97,"Fluent","Nicaragua"),(98,"Fluent","Rwanda"),(99,"Fluent","Korea, North");
INSERT INTO `UserLanguage` (`userCode`,`languageLevel`,`languageName`) VALUES (100,"Advanced","Denmark"),(101,"Beginner","Bosnia and Herzegovina"),(102,"Fluent","Honduras"),(103,"Fluent","Senegal"),(104,"Fluent","Saudi Arabia"),(105,"Beginner","Mozambique"),(106,"Advanced","Estonia"),(107,"Beginner","Cayman Islands"),(108,"Advanced","Turks and Caicos Islands"),(109,"Fluent","Denmark"),(110,"Beginner","Panama"),(111,"Fluent","Cape Verde"),(112,"Advanced","Bahrain"),(113,"Fluent","Chile"),(114,"Beginner","Canada"),(115,"Beginner","Angola"),(116,"Advanced","Bermuda"),(117,"Fluent","Croatia"),(118,"Beginner","Belarus"),(119,"Fluent","Guam"),(120,"Advanced","Iraq"),(121,"Fluent","France"),(122,"Fluent","Dominica"),(123,"Advanced","Maldives"),(124,"Advanced","Aruba"),(125,"Beginner","Eritrea"),(126,"Advanced","Monaco"),(127,"Fluent","Lebanon"),(128,"Beginner","Bermuda"),(129,"Advanced","Cameroon"),(130,"Beginner","Hong Kong"),(131,"Advanced","Saint Vincent and The Grenadines"),(132,"Fluent","Australia"),(133,"Beginner","Afghanistan"),(134,"Fluent","Pitcairn Islands"),(135,"Beginner","Kiribati"),(136,"Fluent","Solomon Islands"),(137,"Beginner","South Georgia and The South Sandwich Islands"),(138,"Fluent","Algeria"),(139,"Advanced","Mali"),(140,"Fluent","Netherlands"),(141,"Fluent","United Arab Emirates"),(142,"Fluent","Germany"),(143,"Beginner","Nigeria"),(144,"Beginner","Benin"),(145,"Fluent","Papua New Guinea"),(146,"Beginner","Sri Lanka"),(147,"Beginner","Congo, the Democratic RePublic of the"),(148,"Beginner","Colombia"),(149,"Fluent","Virgin Islands, British"),(150,"Advanced","Norway"),(151,"Beginner","Sint Maarten"),(152,"Beginner","Thailand"),(153,"Fluent","Macedonia"),(154,"Fluent","South Georgia and The South Sandwich Islands"),(155,"Beginner","Greenland"),(156,"Fluent","Colombia"),(157,"Advanced","Luxembourg"),(158,"Fluent","Brunei"),(159,"Fluent","Croatia"),(160,"Advanced","United Kingdom (Great Britain)"),(161,"Beginner","Philippines"),(162,"Beginner","Iran"),(163,"Beginner","Christmas Island"),(164,"Beginner","Greenland"),(165,"Beginner","Jersey"),(166,"Advanced","Reunion"),(167,"Fluent","Norway"),(168,"Beginner","El Salvador"),(169,"Fluent","Curaçao"),(170,"Advanced","Guam"),(171,"Advanced","Yemen"),(172,"Advanced","Bulgaria"),(173,"Beginner","Korea, South"),(174,"Beginner","Australia"),(175,"Fluent","Isle of Man"),(176,"Advanced","Bahamas"),(177,"Fluent","Barbados"),(178,"Fluent","French Guiana"),(179,"Beginner","Azerbaijan");
INSERT INTO `UserLanguage` (`userCode`,`languageLevel`,`languageName`) VALUES (100,"Advanced","South Africa"),(101,"Fluent","Tokelau"),(102,"Fluent","Cayman Islands"),(103,"Advanced","Croatia"),(104,"Advanced","Philippines"),(105,"Advanced","Iceland"),(106,"Beginner","Faroe Islands"),(107,"Advanced","Monaco"),(108,"Fluent","Kyrgyzstan"),(109,"Fluent","Antigua and Barbuda"),(110,"Fluent","Virgin Islands, United States"),(111,"Beginner","Antigua and Barbuda"),(112,"Beginner","Cook Islands"),(113,"Beginner","Chad"),(114,"Beginner","Northern Mariana Islands"),(115,"Beginner","Sint Maarten"),(116,"Advanced","Hungary"),(117,"Fluent","Indonesia"),(118,"Fluent","Belarus"),(119,"Advanced","Saint Vincent and The Grenadines"),(120,"Beginner","Svalbard and Jan Mayen Islands"),(121,"Fluent","Comoros"),(122,"Beginner","Uzbekistan"),(123,"Beginner","Mauritius"),(124,"Beginner","Taiwan"),(125,"Beginner","Sri Lanka"),(126,"Beginner","Tajikistan"),(127,"Beginner","Kuwait"),(128,"Advanced","Kenya"),(129,"Fluent","Colombia"),(130,"Advanced","Liechtenstein"),(131,"Beginner","Latvia"),(132,"Beginner","Central African RePublic"),(133,"Advanced","Cape Verde"),(134,"Beginner","Jordan"),(135,"Advanced","Saint Pierre and Miquelon"),(136,"Advanced","Iraq"),(137,"Advanced","Pitcairn Islands"),(138,"Beginner","Haiti"),(139,"Advanced","United Arab Emirates"),(140,"Beginner","Sao Tome and Principe"),(141,"Fluent","Hong Kong"),(142,"Advanced","Antarctica"),(143,"Fluent","Burundi"),(144,"Beginner","British Indian Ocean Territory"),(145,"Advanced","Nigeria"),(146,"Advanced","Brunei"),(147,"Beginner","Afghanistan"),(148,"Beginner","Heard Island and Mcdonald Islands"),(149,"Advanced","Tajikistan"),(150,"Beginner","Mali"),(151,"Beginner","Côte D'Ivoire (Ivory Coast)"),(152,"Beginner","Madagascar"),(153,"Beginner","Dominican RePublic"),(154,"Beginner","Bhutan"),(155,"Advanced","Guinea-Bissau"),(156,"Fluent","Niger"),(157,"Fluent","Rwanda"),(158,"Beginner","Spain"),(159,"Beginner","Zimbabwe"),(160,"Fluent","Oman"),(161,"Beginner","Bermuda"),(162,"Beginner","Slovenia"),(163,"Advanced","Switzerland"),(164,"Fluent","Syria"),(165,"Advanced","Eritrea"),(166,"Advanced","Martinique"),(167,"Beginner","Sri Lanka"),(168,"Beginner","Guinea"),(169,"Advanced","South Georgia and The South Sandwich Islands"),(170,"Fluent","Western Sahara"),(171,"Advanced","Ireland"),(172,"Fluent","Bahrain"),(173,"Advanced","Romania"),(174,"Beginner","Cameroon"),(175,"Advanced","Lebanon"),(176,"Fluent","India"),(177,"Beginner","Saint Pierre and Miquelon"),(178,"Fluent","Jamaica"),(179,"Advanced","Tuvalu");


REVOKE ALL PRIVILEGES ON `lubyconuser`.* FROM 'lubycon'@'%'; GRANT ALL PRIVILEGES ON `lubyconuser`.* TO 'lubycon'@'%' WITH GRANT OPTION;

SHOW WARNINGS;
