-- phpMyAdmin SQL Dump
-- version 4.4.13.1
-- http://www.phpmyadmin.net
--
-- Host: localhost:3306
-- 생성 시간: 16-06-11 02:01
-- 서버 버전: 5.6.26
-- PHP 버전: 5.5.30

SET SQL_MODE = "NO_AUTO_VALUE_ON_ZERO";
SET time_zone = "+00:00";


/*!40101 SET @OLD_CHARACTER_SET_CLIENT=@@CHARACTER_SET_CLIENT */;
/*!40101 SET @OLD_CHARACTER_SET_RESULTS=@@CHARACTER_SET_RESULTS */;
/*!40101 SET @OLD_COLLATION_CONNECTION=@@COLLATION_CONNECTION */;
/*!40101 SET NAMES utf8mb4 */;

--
-- 데이터베이스: `lubyconboard`
--

-- --------------------------------------------------------

--
-- 테이블 구조 `artwork`
--
USE LubyconBoard;
INSERT INTO `artwork` (`boardCode`, `userCode`, `topCategoryCode`, `contentTitle`, `contentDate`, `contentDescription`, `contents`, `userDirectory`, `ccCode`, `downloadAble`, `downloadCount`, `viewCount`, `likeCount`, `bookmarkCount`, `commentCount`) VALUES
(0, 174, 0, 'elit. Nulla facilisi.', '2017-04-19 00:00:00', 'sed', '&lt;div class=&quot;editing-canvas&quot;&gt;&lt;div class=&quot;canvas-obj obj-header&quot;&gt;&lt;div class=&quot;canvas-uploader-wrap&quot;&gt;&lt;/div&gt;&lt;/div&gt;&lt;div class=&quot;canvas-obj obj-body&quot;&gt;&lt;div data-value=&quot;0-jpg-image&quot; data-index=&quot;1&quot; class=&quot;canvas-obj canvas-content object-img&quot;&gt;&lt;img src=&quot;../../../../lubycon_Contents/contents/artwork/Argentina_Buchner20160414050808/content0.jpg&quot;&gt;&lt;/div&gt;&lt;/div&gt;&lt;div class=&quot;canvas-obj obj-footer&quot;&gt;&lt;/div&gt;&lt;/div&gt;', '../../../../lubycon_Contents/contents//artwork/Argentina_Buchner20160414050808', 2, 0, 0, 0, 0, 0, 0),
(1, 69, 0, 'dui quis accumsan', '2016-02-21 00:00:00', 'Morbi', '&lt;div class=&quot;editing-canvas&quot;&gt;&lt;div class=&quot;canvas-obj obj-header&quot;&gt;&lt;div class=&quot;canvas-uploader-wrap&quot;&gt;&lt;/div&gt;&lt;/div&gt;&lt;div class=&quot;canvas-obj obj-body&quot;&gt;&lt;div data-value=&quot;0-jpg-image&quot; data-index=&quot;1&quot; class=&quot;canvas-obj canvas-content object-img&quot;&gt;&lt;img src=&quot;../../../../lubycon_Contents/contents/artwork/Arlene_Cid20160414050808/content0.jpg&quot;&gt;&lt;/div&gt;&lt;/div&gt;&lt;div class=&quot;canvas-obj obj-footer&quot;&gt;&lt;/div&gt;&lt;/div&gt;', '../../../../lubycon_Contents/contents//artwork/Arlene_Cid20160414050808', 1, 0, 0, 0, 0, 0, 0),
(2, 77, 0, 'massa. Quisque porttitor eros', '2017-04-17 00:00:00', 'lectus ante dictum mi, ac mattis velit', '&lt;div class=&quot;editing-canvas&quot;&gt;&lt;div class=&quot;canvas-obj obj-header&quot;&gt;&lt;div class=&quot;canvas-uploader-wrap&quot;&gt;&lt;/div&gt;&lt;/div&gt;&lt;div class=&quot;canvas-obj obj-body&quot;&gt;&lt;div data-value=&quot;0-jpg-image&quot; data-index=&quot;1&quot; class=&quot;canvas-obj canvas-content object-img&quot;&gt;&lt;img src=&quot;../../../../lubycon_Contents/contents/artwork/Barbra_Pelton20160414050808/content0.jpg&quot;&gt;&lt;/div&gt;&lt;/div&gt;&lt;div class=&quot;canvas-obj obj-footer&quot;&gt;&lt;/div&gt;&lt;/div&gt;', '../../../../lubycon_Contents/contents//artwork/Barbra_Pelton20160414050808', 1, 0, 0, 0, 0, 0, 0),
(3, 64, 0, 'egestas. Aliquam', '2016-07-04 00:00:00', 'adipiscing lobortis risus. In mi pede, nonummy ut, molestie in,', '&lt;div class=&quot;editing-canvas&quot;&gt;&lt;div class=&quot;canvas-obj obj-header&quot;&gt;&lt;div class=&quot;canvas-uploader-wrap&quot;&gt;&lt;/div&gt;&lt;/div&gt;&lt;div class=&quot;canvas-obj obj-body&quot;&gt;&lt;div data-value=&quot;0-jpg-image&quot; data-index=&quot;1&quot; class=&quot;canvas-obj canvas-content object-img&quot;&gt;&lt;img src=&quot;../../../../lubycon_Contents/contents/artwork/Barb_Waage20160414050808/content0.jpg&quot;&gt;&lt;/div&gt;&lt;/div&gt;&lt;div class=&quot;canvas-obj obj-footer&quot;&gt;&lt;/div&gt;&lt;/div&gt;', '../../../../lubycon_Contents/contents//artwork/Barb_Waage20160414050808', 0, 0, 0, 0, 0, 0, 0),
(4, 179, 0, 'sem. Pellentesque ut ipsum', '2016-07-08 00:00:00', 'elit. Nulla facilisi. Sed neque. Sed eget', '&lt;div class=&quot;editing-canvas&quot;&gt;&lt;div class=&quot;canvas-obj obj-header&quot;&gt;&lt;div class=&quot;canvas-uploader-wrap&quot;&gt;&lt;/div&gt;&lt;/div&gt;&lt;div class=&quot;canvas-obj obj-body&quot;&gt;&lt;div data-value=&quot;0-jpg-image&quot; data-index=&quot;1&quot; class=&quot;canvas-obj canvas-content object-img&quot;&gt;&lt;img src=&quot;../../../../lubycon_Contents/contents/artwork/Beckie_Neuendorf20160414050808/content0.jpg&quot;&gt;&lt;/div&gt;&lt;/div&gt;&lt;div class=&quot;canvas-obj obj-footer&quot;&gt;&lt;/div&gt;&lt;/div&gt;', '../../../../lubycon_Contents/contents//artwork/Beckie_Neuendorf20160414050808', 2, 0, 0, 0, 0, 0, 0),
(5, 16, 0, 'dictum ultricies', '2015-09-28 00:00:00', 'Proin non', '&lt;div class=&quot;editing-canvas&quot;&gt;&lt;div class=&quot;canvas-obj obj-header&quot;&gt;&lt;div class=&quot;canvas-uploader-wrap&quot;&gt;&lt;/div&gt;&lt;/div&gt;&lt;div class=&quot;canvas-obj obj-body&quot;&gt;&lt;div data-value=&quot;0-jpg-image&quot; data-index=&quot;1&quot; class=&quot;canvas-obj canvas-content object-img&quot;&gt;&lt;img src=&quot;../../../../lubycon_Contents/contents/artwork/Beverlee_Vanish20160414050808/content0.jpg&quot;&gt;&lt;/div&gt;&lt;/div&gt;&lt;div class=&quot;canvas-obj obj-footer&quot;&gt;&lt;/div&gt;&lt;/div&gt;', '../../../../lubycon_Contents/contents//artwork/Beverlee_Vanish20160414050808', 0, 0, 0, 0, 0, 0, 0),
(6, 105, 0, 'et nunc.', '2016-02-10 00:00:00', 'at augue id ante dictum cursus. Nunc', '&lt;div class=&quot;editing-canvas&quot;&gt;&lt;div class=&quot;canvas-obj obj-header&quot;&gt;&lt;div class=&quot;canvas-uploader-wrap&quot;&gt;&lt;/div&gt;&lt;/div&gt;&lt;div class=&quot;canvas-obj obj-body&quot;&gt;&lt;div data-value=&quot;0-jpg-image&quot; data-index=&quot;1&quot; class=&quot;canvas-obj canvas-content object-img&quot;&gt;&lt;img src=&quot;../../../../lubycon_Contents/contents/artwork/Blanch_Brightwell20160414050808/content0.jpg&quot;&gt;&lt;/div&gt;&lt;/div&gt;&lt;div class=&quot;canvas-obj obj-footer&quot;&gt;&lt;/div&gt;&lt;/div&gt;', '../../../../lubycon_Contents/contents//artwork/Blanch_Brightwell20160414050808', 0, 0, 0, 0, 0, 0, 0),
(7, 100, 0, 'Phasellus libero', '2016-10-07 00:00:00', 'elit, a feugiat tellus lorem', '&lt;div class=&quot;editing-canvas&quot;&gt;&lt;div class=&quot;canvas-obj obj-header&quot;&gt;&lt;div class=&quot;canvas-uploader-wrap&quot;&gt;&lt;/div&gt;&lt;/div&gt;&lt;div class=&quot;canvas-obj obj-body&quot;&gt;&lt;div data-value=&quot;0-jpg-image&quot; data-index=&quot;1&quot; class=&quot;canvas-obj canvas-content object-img&quot;&gt;&lt;img src=&quot;../../../../lubycon_Contents/contents/artwork/Caroline_Pettway20160414050808/content0.jpg&quot;&gt;&lt;/div&gt;&lt;/div&gt;&lt;div class=&quot;canvas-obj obj-footer&quot;&gt;&lt;/div&gt;&lt;/div&gt;', '../../../../lubycon_Contents/contents//artwork/Caroline_Pettway20160414050808', 0, 0, 0, 0, 0, 0, 0),
(8, 107, 0, 'ligula. Aliquam erat', '2015-10-07 00:00:00', 'mollis nec, cursus a, enim.', '&lt;div class=&quot;editing-canvas&quot;&gt;&lt;div class=&quot;canvas-obj obj-header&quot;&gt;&lt;div class=&quot;canvas-uploader-wrap&quot;&gt;&lt;/div&gt;&lt;/div&gt;&lt;div class=&quot;canvas-obj obj-body&quot;&gt;&lt;div data-value=&quot;0-jpg-image&quot; data-index=&quot;1&quot; class=&quot;canvas-obj canvas-content object-img&quot;&gt;&lt;img src=&quot;../../../../lubycon_Contents/contents/artwork/Cecil_Stuber20160414050808/content0.jpg&quot;&gt;&lt;/div&gt;&lt;/div&gt;&lt;div class=&quot;canvas-obj obj-footer&quot;&gt;&lt;/div&gt;&lt;/div&gt;', '../../../../lubycon_Contents/contents//artwork/Cecil_Stuber20160414050808', 2, 0, 0, 0, 0, 0, 0),
(9, 146, 0, 'Proin vel nisl. Quisque', '2016-12-27 00:00:00', 'Nam interdum enim non', '&lt;div class=&quot;editing-canvas&quot;&gt;&lt;div class=&quot;canvas-obj obj-header&quot;&gt;&lt;div class=&quot;canvas-uploader-wrap&quot;&gt;&lt;/div&gt;&lt;/div&gt;&lt;div class=&quot;canvas-obj obj-body&quot;&gt;&lt;div data-value=&quot;0-jpg-image&quot; data-index=&quot;1&quot; class=&quot;canvas-obj canvas-content object-img&quot;&gt;&lt;img src=&quot;../../../../lubycon_Contents/contents/artwork/Cheree_Carreno20160414050808/content0.jpg&quot;&gt;&lt;/div&gt;&lt;/div&gt;&lt;div class=&quot;canvas-obj obj-footer&quot;&gt;&lt;/div&gt;&lt;/div&gt;', '../../../../lubycon_Contents/contents//artwork/Cheree_Carreno20160414050808', 2, 0, 0, 0, 0, 0, 0),
(10, 58, 0, 'est, mollis non, cursus', '2017-01-25 00:00:00', 'semper tellus id nunc interdum feugiat. Sed nec metus facilisis', '&lt;div class=&quot;editing-canvas&quot;&gt;&lt;div class=&quot;canvas-obj obj-header&quot;&gt;&lt;div class=&quot;canvas-uploader-wrap&quot;&gt;&lt;/div&gt;&lt;/div&gt;&lt;div class=&quot;canvas-obj obj-body&quot;&gt;&lt;div data-value=&quot;0-jpg-image&quot; data-index=&quot;1&quot; class=&quot;canvas-obj canvas-content object-img&quot;&gt;&lt;img src=&quot;../../../../lubycon_Contents/contents/artwork/Clementine_Spearman20160414050808/content0.jpg&quot;&gt;&lt;/div&gt;&lt;/div&gt;&lt;div class=&quot;canvas-obj obj-footer&quot;&gt;&lt;/div&gt;&lt;/div&gt;', '../../../../lubycon_Contents/contents//artwork/Clementine_Spearman20160414050808', 2, 0, 0, 0, 0, 0, 0),
(11, 102, 0, 'orci tincidunt adipiscing.', '2016-02-09 00:00:00', 'feugiat tellus lorem eu metus. In lorem. Donec elementum,', '&lt;div class=&quot;editing-canvas&quot;&gt;&lt;div class=&quot;canvas-obj obj-header&quot;&gt;&lt;div class=&quot;canvas-uploader-wrap&quot;&gt;&lt;/div&gt;&lt;/div&gt;&lt;div class=&quot;canvas-obj obj-body&quot;&gt;&lt;div data-value=&quot;0-jpg-image&quot; data-index=&quot;1&quot; class=&quot;canvas-obj canvas-content object-img&quot;&gt;&lt;img src=&quot;../../../../lubycon_Contents/contents/artwork/Cletus_Guss20160414050808/content0.jpg&quot;&gt;&lt;/div&gt;&lt;/div&gt;&lt;div class=&quot;canvas-obj obj-footer&quot;&gt;&lt;/div&gt;&lt;/div&gt;', '../../../../lubycon_Contents/contents//artwork/Cletus_Guss20160414050808', 2, 0, 0, 0, 0, 0, 0),
(12, 70, 0, 'et ultrices posuere cubilia', '2017-02-01 00:00:00', 'faucibus orci luctus et', '&lt;div class=&quot;editing-canvas&quot;&gt;&lt;div class=&quot;canvas-obj obj-header&quot;&gt;&lt;div class=&quot;canvas-uploader-wrap&quot;&gt;&lt;/div&gt;&lt;/div&gt;&lt;div class=&quot;canvas-obj obj-body&quot;&gt;&lt;div data-value=&quot;0-jpg-image&quot; data-index=&quot;1&quot; class=&quot;canvas-obj canvas-content object-img&quot;&gt;&lt;img src=&quot;../../../../lubycon_Contents/contents/artwork/Corey_Even20160414050808/content0.jpg&quot;&gt;&lt;/div&gt;&lt;/div&gt;&lt;div class=&quot;canvas-obj obj-footer&quot;&gt;&lt;/div&gt;&lt;/div&gt;', '../../../../lubycon_Contents/contents//artwork/Corey_Even20160414050808', 2, 0, 0, 0, 0, 0, 0),
(13, 169, 0, 'Nunc mauris elit,', '2015-10-05 00:00:00', 'Suspendisse commodo tincidunt nibh. Phasellus nulla. Integer vulputate, risus a', '&lt;div class=&quot;editing-canvas&quot;&gt;&lt;div class=&quot;canvas-obj obj-header&quot;&gt;&lt;div class=&quot;canvas-uploader-wrap&quot;&gt;&lt;/div&gt;&lt;/div&gt;&lt;div class=&quot;canvas-obj obj-body&quot;&gt;&lt;div data-value=&quot;0-jpg-image&quot; data-index=&quot;1&quot; class=&quot;canvas-obj canvas-content object-img&quot;&gt;&lt;img src=&quot;../../../../lubycon_Contents/contents/artwork/Crissy_Barriga20160414050808/content0.jpg&quot;&gt;&lt;/div&gt;&lt;/div&gt;&lt;div class=&quot;canvas-obj obj-footer&quot;&gt;&lt;/div&gt;&lt;/div&gt;', '../../../../lubycon_Contents/contents//artwork/Crissy_Barriga20160414050808', 2, 0, 0, 0, 0, 0, 0),
(14, 19, 0, 'a, enim.', '2016-01-13 00:00:00', 'erat neque', '&lt;div class=&quot;editing-canvas&quot;&gt;&lt;div class=&quot;canvas-obj obj-header&quot;&gt;&lt;div class=&quot;canvas-uploader-wrap&quot;&gt;&lt;/div&gt;&lt;/div&gt;&lt;div class=&quot;canvas-obj obj-body&quot;&gt;&lt;div data-value=&quot;0-jpg-image&quot; data-index=&quot;1&quot; class=&quot;canvas-obj canvas-content object-img&quot;&gt;&lt;img src=&quot;../../../../lubycon_Contents/contents/artwork/Dawna_Putz20160414050808/content0.jpg&quot;&gt;&lt;/div&gt;&lt;/div&gt;&lt;div class=&quot;canvas-obj obj-footer&quot;&gt;&lt;/div&gt;&lt;/div&gt;', '../../../../lubycon_Contents/contents//artwork/Dawna_Putz20160414050808', 0, 0, 0, 0, 0, 0, 0),
(15, 157, 0, 'enim. Nunc', '2016-09-09 00:00:00', 'fringilla cursus', '&lt;div class=&quot;editing-canvas&quot;&gt;&lt;div class=&quot;canvas-obj obj-header&quot;&gt;&lt;div class=&quot;canvas-uploader-wrap&quot;&gt;&lt;/div&gt;&lt;/div&gt;&lt;div class=&quot;canvas-obj obj-body&quot;&gt;&lt;div data-value=&quot;0-jpg-image&quot; data-index=&quot;1&quot; class=&quot;canvas-obj canvas-content object-img&quot;&gt;&lt;img src=&quot;../../../../lubycon_Contents/contents/artwork/Delmar_Koffler20160414050808/content0.jpg&quot;&gt;&lt;/div&gt;&lt;/div&gt;&lt;div class=&quot;canvas-obj obj-footer&quot;&gt;&lt;/div&gt;&lt;/div&gt;', '../../../../lubycon_Contents/contents//artwork/Delmar_Koffler20160414050808', 0, 0, 0, 0, 0, 0, 0),
(16, 117, 0, 'suscipit nonummy.', '2016-04-06 00:00:00', 'vehicula et, rutrum eu, ultrices sit amet,', '&lt;div class=&quot;editing-canvas&quot;&gt;&lt;div class=&quot;canvas-obj obj-header&quot;&gt;&lt;div class=&quot;canvas-uploader-wrap&quot;&gt;&lt;/div&gt;&lt;/div&gt;&lt;div class=&quot;canvas-obj obj-body&quot;&gt;&lt;div data-value=&quot;0-jpg-image&quot; data-index=&quot;1&quot; class=&quot;canvas-obj canvas-content object-img&quot;&gt;&lt;img src=&quot;../../../../lubycon_Contents/contents/artwork/Diane_Quinones20160414050808/content0.jpg&quot;&gt;&lt;/div&gt;&lt;/div&gt;&lt;div class=&quot;canvas-obj obj-footer&quot;&gt;&lt;/div&gt;&lt;/div&gt;', '../../../../lubycon_Contents/contents//artwork/Diane_Quinones20160414050808', 0, 0, 0, 0, 0, 0, 0),
(17, 54, 0, 'faucibus id, libero. Donec', '2016-01-18 00:00:00', 'malesuada id, erat. Etiam vestibulum', '&lt;div class=&quot;editing-canvas&quot;&gt;&lt;div class=&quot;canvas-obj obj-header&quot;&gt;&lt;div class=&quot;canvas-uploader-wrap&quot;&gt;&lt;/div&gt;&lt;/div&gt;&lt;div class=&quot;canvas-obj obj-body&quot;&gt;&lt;div data-value=&quot;0-jpg-image&quot; data-index=&quot;1&quot; class=&quot;canvas-obj canvas-content object-img&quot;&gt;&lt;img src=&quot;../../../../lubycon_Contents/contents/artwork/Tatum_Swaim20160414050808/content0.jpg&quot;&gt;&lt;/div&gt;&lt;/div&gt;&lt;div class=&quot;canvas-obj obj-footer&quot;&gt;&lt;/div&gt;&lt;/div&gt;', '../../../../lubycon_Contents/contents//artwork/Tatum_Swaim20160414050808', 0, 0, 0, 1, 0, 0, 0),
(18, 100, 0, 'ultricies dignissim lacus. Aliquam', '2016-02-01 00:00:00', 'fringilla mi lacinia mattis. Integer eu', '&lt;div class=&quot;editing-canvas&quot;&gt;&lt;div class=&quot;canvas-obj obj-header&quot;&gt;&lt;div class=&quot;canvas-uploader-wrap&quot;&gt;&lt;/div&gt;&lt;/div&gt;&lt;div class=&quot;canvas-obj obj-body&quot;&gt;&lt;div data-value=&quot;0-jpg-image&quot; data-index=&quot;1&quot; class=&quot;canvas-obj canvas-content object-img&quot;&gt;&lt;img src=&quot;../../../../lubycon_Contents/contents/artwork/Evelyn_Heck20160414050808/content0.jpg&quot;&gt;&lt;/div&gt;&lt;/div&gt;&lt;div class=&quot;canvas-obj obj-footer&quot;&gt;&lt;/div&gt;&lt;/div&gt;', '../../../../lubycon_Contents/contents//artwork/Evelyn_Heck20160414050808', 1, 0, 0, 0, 0, 0, 0),
(19, 135, 0, 'sem eget', '2016-07-18 00:00:00', 'purus, in molestie tortor', '&lt;div class=&quot;editing-canvas&quot;&gt;&lt;div class=&quot;canvas-obj obj-header&quot;&gt;&lt;div class=&quot;canvas-uploader-wrap&quot;&gt;&lt;/div&gt;&lt;/div&gt;&lt;div class=&quot;canvas-obj obj-body&quot;&gt;&lt;div data-value=&quot;0-jpg-image&quot; data-index=&quot;1&quot; class=&quot;canvas-obj canvas-content object-img&quot;&gt;&lt;img src=&quot;../../../../lubycon_Contents/contents/artwork/Ferne_Mickles20160414050808/content0.jpg&quot;&gt;&lt;/div&gt;&lt;/div&gt;&lt;div class=&quot;canvas-obj obj-footer&quot;&gt;&lt;/div&gt;&lt;/div&gt;', '../../../../lubycon_Contents/contents//artwork/Ferne_Mickles20160414050808', 0, 0, 0, 0, 0, 0, 0),
(20, 114, 0, 'eu, euismod ac,', '2016-04-18 00:00:00', 'Vestibulum accumsan neque et nunc. Quisque ornare', '&lt;div class=&quot;editing-canvas&quot;&gt;&lt;div class=&quot;canvas-obj obj-header&quot;&gt;&lt;div class=&quot;canvas-uploader-wrap&quot;&gt;&lt;/div&gt;&lt;/div&gt;&lt;div class=&quot;canvas-obj obj-body&quot;&gt;&lt;div data-value=&quot;0-jpg-image&quot; data-index=&quot;1&quot; class=&quot;canvas-obj canvas-content object-img&quot;&gt;&lt;img src=&quot;../../../../lubycon_Contents/contents/artwork/Floria_Aguillon20160414050808/content0.jpg&quot;&gt;&lt;/div&gt;&lt;/div&gt;&lt;div class=&quot;canvas-obj obj-footer&quot;&gt;&lt;/div&gt;&lt;/div&gt;', '../../../../lubycon_Contents/contents//artwork/Floria_Aguillon20160414050808', 0, 0, 0, 0, 0, 0, 0),
(21, 9, 0, 'ad litora', '2017-05-20 00:00:00', 'aliquet', '&lt;div class=&quot;editing-canvas&quot;&gt;&lt;div class=&quot;canvas-obj obj-header&quot;&gt;&lt;div class=&quot;canvas-uploader-wrap&quot;&gt;&lt;/div&gt;&lt;/div&gt;&lt;div class=&quot;canvas-obj obj-body&quot;&gt;&lt;div data-value=&quot;0-jpg-image&quot; data-index=&quot;1&quot; class=&quot;canvas-obj canvas-content object-img&quot;&gt;&lt;img src=&quot;../../../../lubycon_Contents/contents/artwork/Gwendolyn_Bott20160414050808/content0.jpg&quot;&gt;&lt;/div&gt;&lt;/div&gt;&lt;div class=&quot;canvas-obj obj-footer&quot;&gt;&lt;/div&gt;&lt;/div&gt;', '../../../../lubycon_Contents/contents//artwork/Gwendolyn_Bott20160414050808', 2, 0, 0, 0, 0, 0, 0),
(22, 108, 0, 'Etiam imperdiet dictum', '2016-10-19 00:00:00', 'fermentum arcu.', '&lt;div class=&quot;editing-canvas&quot;&gt;&lt;div class=&quot;canvas-obj obj-header&quot;&gt;&lt;div class=&quot;canvas-uploader-wrap&quot;&gt;&lt;/div&gt;&lt;/div&gt;&lt;div class=&quot;canvas-obj obj-body&quot;&gt;&lt;div data-value=&quot;0-jpg-image&quot; data-index=&quot;1&quot; class=&quot;canvas-obj canvas-content object-img&quot;&gt;&lt;img src=&quot;../../../../lubycon_Contents/contents/artwork/Hermina_Schleich20160414050808/content0.jpg&quot;&gt;&lt;/div&gt;&lt;/div&gt;&lt;div class=&quot;canvas-obj obj-footer&quot;&gt;&lt;/div&gt;&lt;/div&gt;', '../../../../lubycon_Contents/contents//artwork/Hermina_Schleich20160414050808', 1, 0, 0, 0, 0, 0, 0),
(23, 104, 0, 'nisi nibh', '2016-10-10 00:00:00', 'nulla', '&lt;div class=&quot;editing-canvas&quot;&gt;&lt;div class=&quot;canvas-obj obj-header&quot;&gt;&lt;div class=&quot;canvas-uploader-wrap&quot;&gt;&lt;/div&gt;&lt;/div&gt;&lt;div class=&quot;canvas-obj obj-body&quot;&gt;&lt;div data-value=&quot;0-jpg-image&quot; data-index=&quot;1&quot; class=&quot;canvas-obj canvas-content object-img&quot;&gt;&lt;img src=&quot;../../../../lubycon_Contents/contents/artwork/Hortencia_Puccio20160414050808/content0.jpg&quot;&gt;&lt;/div&gt;&lt;/div&gt;&lt;div class=&quot;canvas-obj obj-footer&quot;&gt;&lt;/div&gt;&lt;/div&gt;', '../../../../lubycon_Contents/contents//artwork/Hortencia_Puccio20160414050808', 0, 0, 0, 0, 0, 0, 0),
(24, 140, 0, 'placerat eget, venenatis', '2015-09-04 00:00:00', 'quam, elementum', '&lt;div class=&quot;editing-canvas&quot;&gt;&lt;div class=&quot;canvas-obj obj-header&quot;&gt;&lt;div class=&quot;canvas-uploader-wrap&quot;&gt;&lt;/div&gt;&lt;/div&gt;&lt;div class=&quot;canvas-obj obj-body&quot;&gt;&lt;div data-value=&quot;0-jpg-image&quot; data-index=&quot;1&quot; class=&quot;canvas-obj canvas-content object-img&quot;&gt;&lt;img src=&quot;../../../../lubycon_Contents/contents/artwork/Hugo_Vitela20160414050808/content0.jpg&quot;&gt;&lt;/div&gt;&lt;/div&gt;&lt;div class=&quot;canvas-obj obj-footer&quot;&gt;&lt;/div&gt;&lt;/div&gt;', '../../../../lubycon_Contents/contents//artwork/Hugo_Vitela20160414050808', 0, 0, 0, 0, 0, 0, 0),
(25, 67, 0, 'neque sed sem', '2015-10-19 00:00:00', 'elementum, dui quis', '&lt;div class=&quot;editing-canvas&quot;&gt;&lt;div class=&quot;canvas-obj obj-header&quot;&gt;&lt;div class=&quot;canvas-uploader-wrap&quot;&gt;&lt;/div&gt;&lt;/div&gt;&lt;div class=&quot;canvas-obj obj-body&quot;&gt;&lt;div data-value=&quot;0-jpg-image&quot; data-index=&quot;1&quot; class=&quot;canvas-obj canvas-content object-img&quot;&gt;&lt;img src=&quot;../../../../lubycon_Contents/contents/artwork/Iola_Pentecost20160414050808/content0.jpg&quot;&gt;&lt;/div&gt;&lt;/div&gt;&lt;div class=&quot;canvas-obj obj-footer&quot;&gt;&lt;/div&gt;&lt;/div&gt;', '../../../../lubycon_Contents/contents//artwork/Iola_Pentecost20160414050808', 1, 0, 0, 0, 0, 0, 0),
(26, 176, 0, 'lectus. Nullam suscipit, est', '2016-09-10 00:00:00', 'adipiscing elit. Curabitur', '&lt;div class=&quot;editing-canvas&quot;&gt;&lt;div class=&quot;canvas-obj obj-header&quot;&gt;&lt;div class=&quot;canvas-uploader-wrap&quot;&gt;&lt;/div&gt;&lt;/div&gt;&lt;div class=&quot;canvas-obj obj-body&quot;&gt;&lt;div data-value=&quot;0-jpg-image&quot; data-index=&quot;1&quot; class=&quot;canvas-obj canvas-content object-img&quot;&gt;&lt;img src=&quot;../../../../lubycon_Contents/contents/artwork/Jimmy_Pacheco20160414050808/content0.jpg&quot;&gt;&lt;/div&gt;&lt;/div&gt;&lt;div class=&quot;canvas-obj obj-footer&quot;&gt;&lt;/div&gt;&lt;/div&gt;', '../../../../lubycon_Contents/contents//artwork/Jimmy_Pacheco20160414050808', 0, 0, 0, 0, 0, 0, 0),
(27, 103, 0, 'Proin nisl sem,', '2016-05-27 00:00:00', 'egestas ligula. Nullam feugiat placerat velit.', '&lt;div class=&quot;editing-canvas&quot;&gt;&lt;div class=&quot;canvas-obj obj-header&quot;&gt;&lt;div class=&quot;canvas-uploader-wrap&quot;&gt;&lt;/div&gt;&lt;/div&gt;&lt;div class=&quot;canvas-obj obj-body&quot;&gt;&lt;div data-value=&quot;0-jpg-image&quot; data-index=&quot;1&quot; class=&quot;canvas-obj canvas-content object-img&quot;&gt;&lt;img src=&quot;../../../../lubycon_Contents/contents/artwork/Josefa_Alexandra20160414050808/content0.jpg&quot;&gt;&lt;/div&gt;&lt;/div&gt;&lt;div class=&quot;canvas-obj obj-footer&quot;&gt;&lt;/div&gt;&lt;/div&gt;', '../../../../lubycon_Contents/contents//artwork/Josefa_Alexandra20160414050808', 0, 0, 0, 0, 0, 0, 0),
(28, 40, 0, 'libero est,', '2016-06-02 00:00:00', 'mauris eu elit.', '&lt;div class=&quot;editing-canvas&quot;&gt;&lt;div class=&quot;canvas-obj obj-header&quot;&gt;&lt;div class=&quot;canvas-uploader-wrap&quot;&gt;&lt;/div&gt;&lt;/div&gt;&lt;div class=&quot;canvas-obj obj-body&quot;&gt;&lt;div data-value=&quot;0-jpg-image&quot; data-index=&quot;1&quot; class=&quot;canvas-obj canvas-content object-img&quot;&gt;&lt;img src=&quot;../../../../lubycon_Contents/contents/artwork/Jules_Sarratt20160414050808/content0.jpg&quot;&gt;&lt;/div&gt;&lt;/div&gt;&lt;div class=&quot;canvas-obj obj-footer&quot;&gt;&lt;/div&gt;&lt;/div&gt;', '../../../../lubycon_Contents/contents//artwork/Jules_Sarratt20160414050808', 2, 0, 0, 0, 0, 0, 0),
(29, 11, 0, 'urna suscipit', '2016-07-08 00:00:00', 'dapibus rutrum, justo. Praesent luctus. Curabitur egestas nunc sed libero.', '&lt;div class=&quot;editing-canvas&quot;&gt;&lt;div class=&quot;canvas-obj obj-header&quot;&gt;&lt;div class=&quot;canvas-uploader-wrap&quot;&gt;&lt;/div&gt;&lt;/div&gt;&lt;div class=&quot;canvas-obj obj-body&quot;&gt;&lt;div data-value=&quot;0-jpg-image&quot; data-index=&quot;1&quot; class=&quot;canvas-obj canvas-content object-img&quot;&gt;&lt;img src=&quot;../../../../lubycon_Contents/contents/artwork/Karine_Markert20160414050808/content0.jpg&quot;&gt;&lt;/div&gt;&lt;/div&gt;&lt;div class=&quot;canvas-obj obj-footer&quot;&gt;&lt;/div&gt;&lt;/div&gt;', '../../../../lubycon_Contents/contents//artwork/Karine_Markert20160414050808', 1, 0, 0, 0, 0, 0, 0),
(30, 71, 0, 'faucibus orci luctus et', '2016-10-22 00:00:00', 'pharetra. Nam ac nulla. In', '&lt;div class=&quot;editing-canvas&quot;&gt;&lt;div class=&quot;canvas-obj obj-header&quot;&gt;&lt;div class=&quot;canvas-uploader-wrap&quot;&gt;&lt;/div&gt;&lt;/div&gt;&lt;div class=&quot;canvas-obj obj-body&quot;&gt;&lt;div data-value=&quot;0-jpg-image&quot; data-index=&quot;1&quot; class=&quot;canvas-obj canvas-content object-img&quot;&gt;&lt;img src=&quot;../../../../lubycon_Contents/contents/artwork/Kristi_Bushell20160414050808/content0.jpg&quot;&gt;&lt;/div&gt;&lt;/div&gt;&lt;div class=&quot;canvas-obj obj-footer&quot;&gt;&lt;/div&gt;&lt;/div&gt;', '../../../../lubycon_Contents/contents//artwork/Kristi_Bushell20160414050808', 0, 0, 0, 0, 0, 0, 0),
(31, 170, 0, 'velit in aliquet lobortis,', '2016-08-14 00:00:00', 'ultricies ligula. Nullam enim. Sed nulla ante, iaculis', '&lt;div class=&quot;editing-canvas&quot;&gt;&lt;div class=&quot;canvas-obj obj-header&quot;&gt;&lt;div class=&quot;canvas-uploader-wrap&quot;&gt;&lt;/div&gt;&lt;/div&gt;&lt;div class=&quot;canvas-obj obj-body&quot;&gt;&lt;div data-value=&quot;0-jpg-image&quot; data-index=&quot;1&quot; class=&quot;canvas-obj canvas-content object-img&quot;&gt;&lt;img src=&quot;../../../../lubycon_Contents/contents/artwork/Lamar_Mckane20160414050808/content0.jpg&quot;&gt;&lt;/div&gt;&lt;/div&gt;&lt;div class=&quot;canvas-obj obj-footer&quot;&gt;&lt;/div&gt;&lt;/div&gt;', '../../../../lubycon_Contents/contents//artwork/Lamar_Mckane20160414050808', 1, 0, 0, 0, 0, 0, 0),
(32, 130, 0, 'tincidunt, neque vitae', '2016-03-28 00:00:00', 'massa.', '&lt;div class=&quot;editing-canvas&quot;&gt;&lt;div class=&quot;canvas-obj obj-header&quot;&gt;&lt;div class=&quot;canvas-uploader-wrap&quot;&gt;&lt;/div&gt;&lt;/div&gt;&lt;div class=&quot;canvas-obj obj-body&quot;&gt;&lt;div data-value=&quot;0-jpg-image&quot; data-index=&quot;1&quot; class=&quot;canvas-obj canvas-content object-img&quot;&gt;&lt;img src=&quot;../../../../lubycon_Contents/contents/artwork/Lana_Constance20160414050808/content0.jpg&quot;&gt;&lt;/div&gt;&lt;/div&gt;&lt;div class=&quot;canvas-obj obj-footer&quot;&gt;&lt;/div&gt;&lt;/div&gt;', '../../../../lubycon_Contents/contents//artwork/Lana_Constance20160414050808', 0, 0, 0, 0, 0, 0, 0),
(33, 39, 0, 'semper tellus id', '2016-10-26 00:00:00', 'eu turpis. Nulla aliquet. Proin velit. Sed malesuada augue ut', '&lt;div class=&quot;editing-canvas&quot;&gt;&lt;div class=&quot;canvas-obj obj-header&quot;&gt;&lt;div class=&quot;canvas-uploader-wrap&quot;&gt;&lt;/div&gt;&lt;/div&gt;&lt;div class=&quot;canvas-obj obj-body&quot;&gt;&lt;div data-value=&quot;0-jpg-image&quot; data-index=&quot;1&quot; class=&quot;canvas-obj canvas-content object-img&quot;&gt;&lt;img src=&quot;../../../../lubycon_Contents/contents/artwork/Lasandra_Sherer20160414050808/content0.jpg&quot;&gt;&lt;/div&gt;&lt;/div&gt;&lt;div class=&quot;canvas-obj obj-footer&quot;&gt;&lt;/div&gt;&lt;/div&gt;', '../../../../lubycon_Contents/contents//artwork/Lasandra_Sherer20160414050808', 1, 0, 0, 0, 0, 0, 0),
(34, 166, 0, 'Curabitur egestas nunc sed', '2017-02-26 00:00:00', 'ullamcorper viverra. Maecenas', '&lt;div class=&quot;editing-canvas&quot;&gt;&lt;div class=&quot;canvas-obj obj-header&quot;&gt;&lt;div class=&quot;canvas-uploader-wrap&quot;&gt;&lt;/div&gt;&lt;/div&gt;&lt;div class=&quot;canvas-obj obj-body&quot;&gt;&lt;div data-value=&quot;0-jpg-image&quot; data-index=&quot;1&quot; class=&quot;canvas-obj canvas-content object-img&quot;&gt;&lt;img src=&quot;../../../../lubycon_Contents/contents/artwork/Lavonne_Clemens20160414050808/content0.jpg&quot;&gt;&lt;/div&gt;&lt;/div&gt;&lt;div class=&quot;canvas-obj obj-footer&quot;&gt;&lt;/div&gt;&lt;/div&gt;', '../../../../lubycon_Contents/contents//artwork/Lavonne_Clemens20160414050808', 2, 0, 0, 0, 0, 0, 0),
(35, 11, 0, 'Nulla semper tellus', '2015-10-07 00:00:00', 'ut,', '&lt;div class=&quot;editing-canvas&quot;&gt;&lt;div class=&quot;canvas-obj obj-header&quot;&gt;&lt;div class=&quot;canvas-uploader-wrap&quot;&gt;&lt;/div&gt;&lt;/div&gt;&lt;div class=&quot;canvas-obj obj-body&quot;&gt;&lt;div data-value=&quot;0-jpg-image&quot; data-index=&quot;1&quot; class=&quot;canvas-obj canvas-content object-img&quot;&gt;&lt;img src=&quot;../../../../lubycon_Contents/contents/artwork/Lesli_Tarlton20160414050808/content0.jpg&quot;&gt;&lt;/div&gt;&lt;/div&gt;&lt;div class=&quot;canvas-obj obj-footer&quot;&gt;&lt;/div&gt;&lt;/div&gt;', '../../../../lubycon_Contents/contents//artwork/Lesli_Tarlton20160414050808', 2, 0, 0, 0, 0, 0, 0),
(36, 71, 0, 'Nam tempor diam', '2016-02-28 00:00:00', 'amet ante. Vivamus non lorem vitae odio sagittis semper. Nam', '&lt;div class=&quot;editing-canvas&quot;&gt;&lt;div class=&quot;canvas-obj obj-header&quot;&gt;&lt;div class=&quot;canvas-uploader-wrap&quot;&gt;&lt;/div&gt;&lt;/div&gt;&lt;div class=&quot;canvas-obj obj-body&quot;&gt;&lt;div data-value=&quot;0-jpg-image&quot; data-index=&quot;1&quot; class=&quot;canvas-obj canvas-content object-img&quot;&gt;&lt;img src=&quot;../../../../lubycon_Contents/contents/artwork/Linh_Posey20160414050808/content0.jpg&quot;&gt;&lt;/div&gt;&lt;/div&gt;&lt;div class=&quot;canvas-obj obj-footer&quot;&gt;&lt;/div&gt;&lt;/div&gt;', '../../../../lubycon_Contents/contents//artwork/Linh_Posey20160414050808', 2, 0, 0, 0, 0, 0, 0),
(37, 16, 0, 'nunc risus', '2016-11-10 00:00:00', 'Quisque imperdiet, erat', '&lt;div class=&quot;editing-canvas&quot;&gt;&lt;div class=&quot;canvas-obj obj-header&quot;&gt;&lt;div class=&quot;canvas-uploader-wrap&quot;&gt;&lt;/div&gt;&lt;/div&gt;&lt;div class=&quot;canvas-obj obj-body&quot;&gt;&lt;div data-value=&quot;0-jpg-image&quot; data-index=&quot;1&quot; class=&quot;canvas-obj canvas-content object-img&quot;&gt;&lt;img src=&quot;../../../../lubycon_Contents/contents/artwork/Lupita_Panter20160414050808/content0.jpg&quot;&gt;&lt;/div&gt;&lt;/div&gt;&lt;div class=&quot;canvas-obj obj-footer&quot;&gt;&lt;/div&gt;&lt;/div&gt;', '../../../../lubycon_Contents/contents//artwork/Lupita_Panter20160414050808', 1, 0, 0, 0, 0, 0, 0),
(38, 11, 0, 'malesuada fringilla est.', '2017-01-20 00:00:00', 'Suspendisse commodo tincidunt', '&lt;div class=&quot;editing-canvas&quot;&gt;&lt;div class=&quot;canvas-obj obj-header&quot;&gt;&lt;div class=&quot;canvas-uploader-wrap&quot;&gt;&lt;/div&gt;&lt;/div&gt;&lt;div class=&quot;canvas-obj obj-body&quot;&gt;&lt;div data-value=&quot;0-jpg-image&quot; data-index=&quot;1&quot; class=&quot;canvas-obj canvas-content object-img&quot;&gt;&lt;img src=&quot;../../../../lubycon_Contents/contents/artwork/Mack_Coker20160414050808/content0.jpg&quot;&gt;&lt;/div&gt;&lt;/div&gt;&lt;div class=&quot;canvas-obj obj-footer&quot;&gt;&lt;/div&gt;&lt;/div&gt;', '../../../../lubycon_Contents/contents//artwork/Mack_Coker20160414050808', 0, 0, 0, 0, 0, 0, 0),
(39, 85, 0, 'semper tellus id', '2016-02-26 00:00:00', 'Nulla facilisi. Sed neque. Sed eget lacus. Mauris', '&lt;div class=&quot;editing-canvas&quot;&gt;&lt;div class=&quot;canvas-obj obj-header&quot;&gt;&lt;div class=&quot;canvas-uploader-wrap&quot;&gt;&lt;/div&gt;&lt;/div&gt;&lt;div class=&quot;canvas-obj obj-body&quot;&gt;&lt;div data-value=&quot;0-jpg-image&quot; data-index=&quot;1&quot; class=&quot;canvas-obj canvas-content object-img&quot;&gt;&lt;img src=&quot;../../../../lubycon_Contents/contents/artwork/Madalene_Olmedo20160414050808/content0.jpg&quot;&gt;&lt;/div&gt;&lt;/div&gt;&lt;div class=&quot;canvas-obj obj-footer&quot;&gt;&lt;/div&gt;&lt;/div&gt;', '../../../../lubycon_Contents/contents//artwork/Madalene_Olmedo20160414050808', 1, 0, 0, 0, 0, 0, 0),
(40, 31, 0, 'Curabitur ut odio vel', '2016-08-23 00:00:00', 'Vivamus', '&lt;div class=&quot;editing-canvas&quot;&gt;&lt;div class=&quot;canvas-obj obj-header&quot;&gt;&lt;div class=&quot;canvas-uploader-wrap&quot;&gt;&lt;/div&gt;&lt;/div&gt;&lt;div class=&quot;canvas-obj obj-body&quot;&gt;&lt;div data-value=&quot;0-jpg-image&quot; data-index=&quot;1&quot; class=&quot;canvas-obj canvas-content object-img&quot;&gt;&lt;img src=&quot;../../../../lubycon_Contents/contents/artwork/Mandi_Rand20160414050808/content0.jpg&quot;&gt;&lt;/div&gt;&lt;/div&gt;&lt;div class=&quot;canvas-obj obj-footer&quot;&gt;&lt;/div&gt;&lt;/div&gt;', '../../../../lubycon_Contents/contents//artwork/Mandi_Rand20160414050808', 0, 0, 0, 0, 0, 0, 0),
(41, 156, 0, 'Phasellus fermentum convallis ligula.', '2016-11-12 00:00:00', 'pede, ultrices a, auctor non, feugiat nec, diam. Duis', '&lt;div class=&quot;editing-canvas&quot;&gt;&lt;div class=&quot;canvas-obj obj-header&quot;&gt;&lt;div class=&quot;canvas-uploader-wrap&quot;&gt;&lt;/div&gt;&lt;/div&gt;&lt;div class=&quot;canvas-obj obj-body&quot;&gt;&lt;div data-value=&quot;0-jpg-image&quot; data-index=&quot;1&quot; class=&quot;canvas-obj canvas-content object-img&quot;&gt;&lt;img src=&quot;../../../../lubycon_Contents/contents/artwork/Marcus_Pecora20160414050808/content0.jpg&quot;&gt;&lt;/div&gt;&lt;/div&gt;&lt;div class=&quot;canvas-obj obj-footer&quot;&gt;&lt;/div&gt;&lt;/div&gt;', '../../../../lubycon_Contents/contents//artwork/Marcus_Pecora20160414050808', 2, 0, 0, 0, 0, 0, 0),
(42, 108, 0, 'enim diam vel', '2017-06-06 00:00:00', 'fringilla cursus purus. Nullam scelerisque neque', '&lt;div class=&quot;editing-canvas&quot;&gt;&lt;div class=&quot;canvas-obj obj-header&quot;&gt;&lt;div class=&quot;canvas-uploader-wrap&quot;&gt;&lt;/div&gt;&lt;/div&gt;&lt;div class=&quot;canvas-obj obj-body&quot;&gt;&lt;div data-value=&quot;0-jpg-image&quot; data-index=&quot;1&quot; class=&quot;canvas-obj canvas-content object-img&quot;&gt;&lt;img src=&quot;../../../../lubycon_Contents/contents/artwork/Mirta_Montalvo20160414050808/content0.jpg&quot;&gt;&lt;/div&gt;&lt;/div&gt;&lt;div class=&quot;canvas-obj obj-footer&quot;&gt;&lt;/div&gt;&lt;/div&gt;', '../../../../lubycon_Contents/contents//artwork/Mirta_Montalvo20160414050808', 2, 0, 0, 0, 0, 0, 0),
(43, 68, 0, 'Donec elementum,', '2016-10-16 00:00:00', 'Aliquam gravida mauris ut mi. Duis risus odio, auctor', '&lt;div class=&quot;editing-canvas&quot;&gt;&lt;div class=&quot;canvas-obj obj-header&quot;&gt;&lt;div class=&quot;canvas-uploader-wrap&quot;&gt;&lt;/div&gt;&lt;/div&gt;&lt;div class=&quot;canvas-obj obj-body&quot;&gt;&lt;div data-value=&quot;0-jpg-image&quot; data-index=&quot;1&quot; class=&quot;canvas-obj canvas-content object-img&quot;&gt;&lt;img src=&quot;../../../../lubycon_Contents/contents/artwork/Misti_Hansell20160414050808/content0.jpg&quot;&gt;&lt;/div&gt;&lt;/div&gt;&lt;div class=&quot;canvas-obj obj-footer&quot;&gt;&lt;/div&gt;&lt;/div&gt;', '../../../../lubycon_Contents/contents//artwork/Misti_Hansell20160414050808', 1, 0, 0, 0, 0, 0, 0),
(44, 78, 0, 'vehicula aliquet libero. Integer', '2016-08-08 00:00:00', 'felis ullamcorper viverra. Maecenas iaculis aliquet diam. Sed', '&lt;div class=&quot;editing-canvas&quot;&gt;&lt;div class=&quot;canvas-obj obj-header&quot;&gt;&lt;div class=&quot;canvas-uploader-wrap&quot;&gt;&lt;/div&gt;&lt;/div&gt;&lt;div class=&quot;canvas-obj obj-body&quot;&gt;&lt;div data-value=&quot;0-jpg-image&quot; data-index=&quot;1&quot; class=&quot;canvas-obj canvas-content object-img&quot;&gt;&lt;img src=&quot;../../../../lubycon_Contents/contents/artwork/Nakisha_Sherburne20160414050808/content0.jpg&quot;&gt;&lt;/div&gt;&lt;/div&gt;&lt;div class=&quot;canvas-obj obj-footer&quot;&gt;&lt;/div&gt;&lt;/div&gt;', '../../../../lubycon_Contents/contents//artwork/Nakisha_Sherburne20160414050808', 2, 0, 0, 0, 0, 0, 0),
(45, 153, 0, 'vitae velit egestas', '2015-12-10 00:00:00', 'a, auctor non,', '&lt;div class=&quot;editing-canvas&quot;&gt;&lt;div class=&quot;canvas-obj obj-header&quot;&gt;&lt;div class=&quot;canvas-uploader-wrap&quot;&gt;&lt;/div&gt;&lt;/div&gt;&lt;div class=&quot;canvas-obj obj-body&quot;&gt;&lt;div data-value=&quot;0-jpg-image&quot; data-index=&quot;1&quot; class=&quot;canvas-obj canvas-content object-img&quot;&gt;&lt;img src=&quot;../../../../lubycon_Contents/contents/artwork/Nancee_Pua20160414050808/content0.jpg&quot;&gt;&lt;/div&gt;&lt;/div&gt;&lt;div class=&quot;canvas-obj obj-footer&quot;&gt;&lt;/div&gt;&lt;/div&gt;', '../../../../lubycon_Contents/contents//artwork/Nancee_Pua20160414050808', 2, 0, 0, 0, 0, 0, 0),
(46, 140, 0, 'non massa non', '2016-01-16 00:00:00', 'magna. Suspendisse tristique neque venenatis lacus. Etiam', '&lt;div class=&quot;editing-canvas&quot;&gt;&lt;div class=&quot;canvas-obj obj-header&quot;&gt;&lt;div class=&quot;canvas-uploader-wrap&quot;&gt;&lt;/div&gt;&lt;/div&gt;&lt;div class=&quot;canvas-obj obj-body&quot;&gt;&lt;div data-value=&quot;0-jpg-image&quot; data-index=&quot;1&quot; class=&quot;canvas-obj canvas-content object-img&quot;&gt;&lt;img src=&quot;../../../../lubycon_Contents/contents/artwork/Nicholas_Cockrill20160414050808/content0.jpg&quot;&gt;&lt;/div&gt;&lt;/div&gt;&lt;div class=&quot;canvas-obj obj-footer&quot;&gt;&lt;/div&gt;&lt;/div&gt;', '../../../../lubycon_Contents/contents//artwork/Nicholas_Cockrill20160414050808', 1, 0, 0, 0, 0, 0, 0),
(47, 178, 0, 'eget, volutpat ornare, facilisis', '2017-05-30 00:00:00', 'facilisis vitae, orci. Phasellus dapibus quam quis', '&lt;div class=&quot;editing-canvas&quot;&gt;&lt;div class=&quot;canvas-obj obj-header&quot;&gt;&lt;div class=&quot;canvas-uploader-wrap&quot;&gt;&lt;/div&gt;&lt;/div&gt;&lt;div class=&quot;canvas-obj obj-body&quot;&gt;&lt;div data-value=&quot;0-jpg-image&quot; data-index=&quot;1&quot; class=&quot;canvas-obj canvas-content object-img&quot;&gt;&lt;img src=&quot;../../../../lubycon_Contents/contents/artwork/Ninfa_Victory20160414050808/content0.jpg&quot;&gt;&lt;/div&gt;&lt;/div&gt;&lt;div class=&quot;canvas-obj obj-footer&quot;&gt;&lt;/div&gt;&lt;/div&gt;', '../../../../lubycon_Contents/contents//artwork/Ninfa_Victory20160414050808', 2, 0, 0, 0, 0, 0, 0),
(48, 118, 0, 'tempor diam', '2016-12-29 00:00:00', 'Morbi accumsan laoreet ipsum. Curabitur consequat, lectus sit amet', '&lt;div class=&quot;editing-canvas&quot;&gt;&lt;div class=&quot;canvas-obj obj-header&quot;&gt;&lt;div class=&quot;canvas-uploader-wrap&quot;&gt;&lt;/div&gt;&lt;/div&gt;&lt;div class=&quot;canvas-obj obj-body&quot;&gt;&lt;div data-value=&quot;0-jpg-image&quot; data-index=&quot;1&quot; class=&quot;canvas-obj canvas-content object-img&quot;&gt;&lt;img src=&quot;../../../../lubycon_Contents/contents/artwork/Nubia_Burman20160414050808/content0.jpg&quot;&gt;&lt;/div&gt;&lt;/div&gt;&lt;div class=&quot;canvas-obj obj-footer&quot;&gt;&lt;/div&gt;&lt;/div&gt;', '../../../../lubycon_Contents/contents//artwork/Nubia_Burman20160414050808', 0, 0, 0, 0, 0, 0, 0),
(49, 161, 0, 'sodales nisi magna sed', '2016-07-15 00:00:00', 'consequat enim diam vel arcu.', '&lt;div class=&quot;editing-canvas&quot;&gt;&lt;div class=&quot;canvas-obj obj-header&quot;&gt;&lt;div class=&quot;canvas-uploader-wrap&quot;&gt;&lt;/div&gt;&lt;/div&gt;&lt;div class=&quot;canvas-obj obj-body&quot;&gt;&lt;div data-value=&quot;0-jpg-image&quot; data-index=&quot;1&quot; class=&quot;canvas-obj canvas-content object-img&quot;&gt;&lt;img src=&quot;../../../../lubycon_Contents/contents/artwork/Pearlie_Vestal20160414050808/content0.jpg&quot;&gt;&lt;/div&gt;&lt;/div&gt;&lt;div class=&quot;canvas-obj obj-footer&quot;&gt;&lt;/div&gt;&lt;/div&gt;', '../../../../lubycon_Contents/contents//artwork/Pearlie_Vestal20160414050808', 1, 0, 0, 0, 0, 0, 0),
(50, 139, 0, 'gravida sagittis. Duis', '2017-02-24 00:00:00', 'dis parturient montes, nascetur ridiculus mus. Proin', '&lt;div class=&quot;editing-canvas&quot;&gt;&lt;div class=&quot;canvas-obj obj-header&quot;&gt;&lt;div class=&quot;canvas-uploader-wrap&quot;&gt;&lt;/div&gt;&lt;/div&gt;&lt;div class=&quot;canvas-obj obj-body&quot;&gt;&lt;div data-value=&quot;0-jpg-image&quot; data-index=&quot;1&quot; class=&quot;canvas-obj canvas-content object-img&quot;&gt;&lt;img src=&quot;../../../../lubycon_Contents/contents/artwork/Rae_Bohl20160414050808/content0.jpg&quot;&gt;&lt;/div&gt;&lt;/div&gt;&lt;div class=&quot;canvas-obj obj-footer&quot;&gt;&lt;/div&gt;&lt;/div&gt;', '../../../../lubycon_Contents/contents//artwork/Rae_Bohl20160414050808', 0, 0, 0, 0, 0, 0, 0),
(51, 178, 0, 'diam vel', '2015-12-10 00:00:00', 'dis parturient montes, nascetur ridiculus mus.', '&lt;div class=&quot;editing-canvas&quot;&gt;&lt;div class=&quot;canvas-obj obj-header&quot;&gt;&lt;div class=&quot;canvas-uploader-wrap&quot;&gt;&lt;/div&gt;&lt;/div&gt;&lt;div class=&quot;canvas-obj obj-body&quot;&gt;&lt;div data-value=&quot;0-jpg-image&quot; data-index=&quot;1&quot; class=&quot;canvas-obj canvas-content object-img&quot;&gt;&lt;img src=&quot;../../../../lubycon_Contents/contents/artwork/Roxanne_Mcminn20160414050808/content0.jpg&quot;&gt;&lt;/div&gt;&lt;/div&gt;&lt;div class=&quot;canvas-obj obj-footer&quot;&gt;&lt;/div&gt;&lt;/div&gt;', '../../../../lubycon_Contents/contents//artwork/Roxanne_Mcminn20160414050808', 1, 0, 0, 0, 0, 0, 0),
(52, 121, 0, 'Mauris vestibulum,', '2016-07-21 00:00:00', 'pede sagittis augue, eu', '&lt;div class=&quot;editing-canvas&quot;&gt;&lt;div class=&quot;canvas-obj obj-header&quot;&gt;&lt;div class=&quot;canvas-uploader-wrap&quot;&gt;&lt;/div&gt;&lt;/div&gt;&lt;div class=&quot;canvas-obj obj-body&quot;&gt;&lt;div data-value=&quot;0-jpg-image&quot; data-index=&quot;1&quot; class=&quot;canvas-obj canvas-content object-img&quot;&gt;&lt;img src=&quot;../../../../lubycon_Contents/contents/artwork/Sam_Jennings20160414050808/content0.jpg&quot;&gt;&lt;/div&gt;&lt;/div&gt;&lt;div class=&quot;canvas-obj obj-footer&quot;&gt;&lt;/div&gt;&lt;/div&gt;', '../../../../lubycon_Contents/contents//artwork/Sam_Jennings20160414050808', 0, 0, 0, 0, 0, 0, 0),
(53, 115, 0, 'facilisis facilisis,', '2015-11-13 00:00:00', 'commodo at, libero. Morbi accumsan laoreet', '&lt;div class=&quot;editing-canvas&quot;&gt;&lt;div class=&quot;canvas-obj obj-header&quot;&gt;&lt;div class=&quot;canvas-uploader-wrap&quot;&gt;&lt;/div&gt;&lt;/div&gt;&lt;div class=&quot;canvas-obj obj-body&quot;&gt;&lt;div data-value=&quot;0-jpg-image&quot; data-index=&quot;1&quot; class=&quot;canvas-obj canvas-content object-img&quot;&gt;&lt;img src=&quot;../../../../lubycon_Contents/contents/artwork/Sol_Pompa20160414050808/content0.jpg&quot;&gt;&lt;/div&gt;&lt;/div&gt;&lt;div class=&quot;canvas-obj obj-footer&quot;&gt;&lt;/div&gt;&lt;/div&gt;', '../../../../lubycon_Contents/contents//artwork/Sol_Pompa20160414050808', 2, 0, 0, 0, 0, 0, 0),
(54, 140, 0, 'bibendum fermentum metus. Aenean', '2016-09-15 00:00:00', 'dolor sit amet, consectetuer adipiscing elit. Curabitur sed tortor.', '&lt;div class=&quot;editing-canvas&quot;&gt;&lt;div class=&quot;canvas-obj obj-header&quot;&gt;&lt;div class=&quot;canvas-uploader-wrap&quot;&gt;&lt;/div&gt;&lt;/div&gt;&lt;div class=&quot;canvas-obj obj-body&quot;&gt;&lt;div data-value=&quot;0-jpg-image&quot; data-index=&quot;1&quot; class=&quot;canvas-obj canvas-content object-img&quot;&gt;&lt;img src=&quot;../../../../lubycon_Contents/contents/artwork/Sophie_Kosakowski20160414050808/content0.jpg&quot;&gt;&lt;/div&gt;&lt;/div&gt;&lt;div class=&quot;canvas-obj obj-footer&quot;&gt;&lt;/div&gt;&lt;/div&gt;', '../../../../lubycon_Contents/contents//artwork/Sophie_Kosakowski20160414050808', 0, 0, 0, 0, 0, 0, 0),
(55, 123, 0, 'consectetuer adipiscing', '2016-04-17 00:00:00', 'consequat nec, mollis vitae, posuere at, velit. Cras', '&lt;div class=&quot;editing-canvas&quot;&gt;&lt;div class=&quot;canvas-obj obj-header&quot;&gt;&lt;div class=&quot;canvas-uploader-wrap&quot;&gt;&lt;/div&gt;&lt;/div&gt;&lt;div class=&quot;canvas-obj obj-body&quot;&gt;&lt;div data-value=&quot;0-jpg-image&quot; data-index=&quot;1&quot; class=&quot;canvas-obj canvas-content object-img&quot;&gt;&lt;img src=&quot;../../../../lubycon_Contents/contents/artwork/Stephanie_Throo20160414050808/content0.jpg&quot;&gt;&lt;/div&gt;&lt;/div&gt;&lt;div class=&quot;canvas-obj obj-footer&quot;&gt;&lt;/div&gt;&lt;/div&gt;', '../../../../lubycon_Contents/contents//artwork/Stephanie_Throo20160414050808', 2, 0, 0, 0, 0, 0, 0),
(56, 111, 0, 'interdum libero dui', '2015-12-31 00:00:00', 'Cras', '&lt;div class=&quot;editing-canvas&quot;&gt;&lt;div class=&quot;canvas-obj obj-header&quot;&gt;&lt;div class=&quot;canvas-uploader-wrap&quot;&gt;&lt;/div&gt;&lt;/div&gt;&lt;div class=&quot;canvas-obj obj-body&quot;&gt;&lt;div data-value=&quot;0-jpg-image&quot; data-index=&quot;1&quot; class=&quot;canvas-obj canvas-content object-img&quot;&gt;&lt;img src=&quot;../../../../lubycon_Contents/contents/artwork/Sunni_Beaird20160414050808/content0.jpg&quot;&gt;&lt;/div&gt;&lt;/div&gt;&lt;div class=&quot;canvas-obj obj-footer&quot;&gt;&lt;/div&gt;&lt;/div&gt;', '../../../../lubycon_Contents/contents//artwork/Sunni_Beaird20160414050808', 1, 0, 0, 0, 0, 0, 0),
(57, 136, 0, 'cursus a, enim. Suspendisse', '2015-08-12 00:00:00', 'neque et nunc. Quisque ornare tortor at', '&lt;div class=&quot;editing-canvas&quot;&gt;&lt;div class=&quot;canvas-obj obj-header&quot;&gt;&lt;div class=&quot;canvas-uploader-wrap&quot;&gt;&lt;/div&gt;&lt;/div&gt;&lt;div class=&quot;canvas-obj obj-body&quot;&gt;&lt;div data-value=&quot;0-jpg-image&quot; data-index=&quot;1&quot; class=&quot;canvas-obj canvas-content object-img&quot;&gt;&lt;img src=&quot;../../../../lubycon_Contents/contents/artwork/Sunshine_Ruvolo20160414050808/content0.jpg&quot;&gt;&lt;/div&gt;&lt;/div&gt;&lt;div class=&quot;canvas-obj obj-footer&quot;&gt;&lt;/div&gt;&lt;/div&gt;', '../../../../lubycon_Contents/contents//artwork/Sunshine_Ruvolo20160414050808', 1, 0, 0, 0, 0, 0, 0),
(58, 54, 0, 'faucibus id, libero. Donec', '2016-01-18 00:00:00', 'malesuada id, erat. Etiam vestibulum', '&lt;div class=&quot;editing-canvas&quot;&gt;&lt;div class=&quot;canvas-obj obj-header&quot;&gt;&lt;div class=&quot;canvas-uploader-wrap&quot;&gt;&lt;/div&gt;&lt;/div&gt;&lt;div class=&quot;canvas-obj obj-body&quot;&gt;&lt;div data-value=&quot;0-jpg-image&quot; data-index=&quot;1&quot; class=&quot;canvas-obj canvas-content object-img&quot;&gt;&lt;img src=&quot;../../../../lubycon_Contents/contents/artwork/Tatum_Swaim20160414050808/content0.jpg&quot;&gt;&lt;/div&gt;&lt;/div&gt;&lt;div class=&quot;canvas-obj obj-footer&quot;&gt;&lt;/div&gt;&lt;/div&gt;', '../../../../lubycon_Contents/contents//artwork/Tatum_Swaim20160414050808', 0, 0, 0, 1, 0, 0, 0);

INSERT INTO `artworkmidcategory` (`boardCode`, `midCategoryCode0`, `midCategoryCode1`, `midCategoryCode2`, `midCategoryCode3`, `midCategoryCode4`) VALUES
(0, 5, 13, 13, NULL, NULL),
(1, 15, 1, NULL, NULL, NULL),
(2, 14, NULL, NULL, NULL, NULL),
(3, 23, 9, NULL, NULL, NULL),
(4, 21, 8, 16, NULL, NULL),
(5, 26, 10, 14, NULL, NULL),
(6, 18, 12, 9, NULL, NULL),
(7, 17, 23, NULL, NULL, NULL),
(8, 0, NULL, NULL, NULL, NULL),
(9, 16, 15, NULL, NULL, NULL),
(10, 15, 0, NULL, NULL, NULL),
(11, 17, NULL, NULL, NULL, NULL),
(12, 0, NULL, NULL, NULL, NULL),
(13, 12, NULL, NULL, NULL, NULL),
(14, 3, NULL, NULL, NULL, NULL),
(15, 23, NULL, NULL, NULL, NULL),
(16, 19, 21, 21, NULL, NULL),
(17, 14, 11, 23, NULL, NULL),
(18, 12, NULL, NULL, NULL, NULL),
(19, 7, 11, 3, NULL, NULL),
(20, 3, 26, 21, NULL, NULL),
(21, 22, 3, NULL, NULL, NULL),
(22, 13, NULL, NULL, NULL, NULL),
(23, 25, NULL, NULL, NULL, NULL),
(24, 7, 13, NULL, NULL, NULL),
(25, 8, 19, NULL, NULL, NULL),
(26, 6, 20, NULL, NULL, NULL),
(27, 21, NULL, NULL, NULL, NULL),
(28, 3, NULL, NULL, NULL, NULL),
(29, 0, NULL, NULL, NULL, NULL),
(30, 19, NULL, NULL, NULL, NULL),
(31, 23, 16, NULL, NULL, NULL),
(32, 19, 15, 16, NULL, NULL),
(33, 27, 8, NULL, NULL, NULL),
(34, 24, 18, 5, NULL, NULL),
(35, 4, 27, 2, NULL, NULL),
(36, 0, 3, NULL, NULL, NULL),
(37, 3, 10, NULL, NULL, NULL),
(38, 22, 18, 1, NULL, NULL),
(39, 19, NULL, NULL, NULL, NULL),
(40, 0, 0, 21, NULL, NULL),
(41, 14, 8, 18, NULL, NULL),
(42, 11, 27, NULL, NULL, NULL),
(43, 11, 9, 10, NULL, NULL),
(44, 20, 7, NULL, NULL, NULL),
(45, 3, NULL, NULL, NULL, NULL),
(46, 21, 17, 4, NULL, NULL),
(47, 10, 7, NULL, NULL, NULL),
(48, 5, 23, 24, NULL, NULL),
(49, 26, 19, NULL, NULL, NULL),
(50, 23, 18, 12, NULL, NULL),
(51, 15, NULL, NULL, NULL, NULL),
(52, 10, 21, 17, NULL, NULL),
(53, 27, NULL, NULL, NULL, NULL),
(54, 16, NULL, NULL, NULL, NULL),
(55, 26, 19, 1, NULL, NULL),
(56, 7, NULL, NULL, NULL, NULL),
(57, 6, 12, NULL, NULL, NULL),
(58, 2, 19, NULL, NULL, NULL);


INSERT INTO `artworktag` (`boardCode`, `tag0`, `tag1`, `tag2`, `tag3`, `tag4`, `tag5`, `tag6`, `tag7`, `tag8`, `tag9`, `tag10`, `tag11`, `tag12`, `tag13`, `tag14`, `tag15`, `tag16`, `tag17`, `tag18`, `tag19`) VALUES
(1, 'green', 'cereals', 'Quality Assurance', 'Clindamycin HCl', 'red', 'one', 'Clonazepam', 'Proair HFA', 'Married', '1', 'Vienna', 'Faucibus PC', '58-598', 'Albania', 'Vienna', '32.81996, -85.70931', 'Denton', 'Joyner, Branden N.', 'Joseph', 'Vielka C. Adams'),
(2, 'blue', 'desserts', 'Media Relations', 'Zyprexa', 'red', 'one', 'Albuterol', 'Meloxicam', 'Common-Law', '37', 'Broken Arrow', 'Dolor Corp.', '30942', 'Bermuda', 'Oklahoma', '-5.56296, 141.69888', 'Upton', 'Bowen, Leonard J.', 'Amal', 'Desirae H. French'),
(3, 'yellow', 'pasta', 'Advertising', 'Clindamycin HCl', 'violet', 'six', 'Glipizide', 'Tamsulosin HCl', 'Divorced', '11', 'San Gregorio nelle Alpi', 'Magna Et PC', '91306', 'Singapore', 'VEN', '-72.04173, -141.17065', 'Hashim', 'Mendez, Chastity B.', 'Oren', 'Hiram L. Watson'),
(4, 'orange', 'pasta', 'Research and Development', 'Cyclobenzaprin HCl', 'red', 'ten', 'Klor-Con M20', 'Simvastatin', 'Divorced', '13', 'Wernigerode', 'Adipiscing Elit Corporation', 'JR6O 5LX', 'Barbados', 'ST', '-53.98799, -17.01005', 'Kaden', 'Holder, Adria X.', 'Caldwell', 'Vera W. Rogers'),
(5, 'orange', 'pies', 'Human Resources', 'Oxycontin', 'red', 'seven', 'Levaquin', 'Diazepam', 'Common-Law', '83', 'Barry', 'Eu Accumsan Corporation', '830551', 'Romania', 'GL', '-86.19461, 34.9832', 'Ashton', 'King, Colt Z.', 'Tiger', 'Calvin V. Beasley'),
(6, 'blue', 'soups', 'Quality Assurance', 'Carisoprodol', 'yellow', 'eight', 'Lisinopril', 'Omeprazole (Rx)', 'Single', '3', 'Badalona', 'Lacus Ltd', '6802', 'Bonaire, Sint Eustatius and Saba', 'CA', '49.538, -71.69775', 'Shafira', 'Duran, Lacy E.', 'Chancellor', 'Jakeem N. Burke'),
(7, 'red', 'cereals', 'Research and Development', 'Triamcinolone Acetonide', 'red', 'ten', 'Fluticasone Propionate', 'Alendronate Sodium', 'Divorced', '53', 'Dibrugarh', 'Conubia Nostra Ltd', '583747', 'Burkina Faso', 'AS', '-10.83482, 76.96899', 'Keaton', 'Wiggins, Sarah N.', 'Rooney', 'Dane U. Bridges'),
(8, 'red', 'stews', 'Advertising', 'Sertraline HCl', 'orange', 'nine', 'Namenda', 'Metformin HCl', 'Married', '83', 'Parla', 'Eu Elit Nulla LLC', 'B9W 2M6', 'Central African Republic', 'Madrid', '-52.98012, -86.72187', 'Unity', 'Sanders, Wayne I.', 'Omar', 'Risa S. Saunders'),
(9, 'yellow', 'stews', 'Media Relations', 'Lisinopril', 'indigo', 'five', 'Lisinopril', 'Gabapentin', 'Married', '43', 'Dutse', 'Eget Nisi Corp.', 'P6C 2Z4', 'Argentina', 'JI', '-36.76574, -106.27357', 'Quamar', 'Peck, Carol F.', 'Phelan', 'Garrison H. Pierce'),
(10, 'red', 'salads', 'Customer Relations', 'Tricor', 'violet', 'eight', 'Niaspan', 'Amoxicillin', 'Single', '3', 'Łomża', 'Sed Eu Incorporated', '78130', 'Bahrain', 'PD', '78.12783, 4.75501', 'Aurelia', 'Benjamin, Abdul I.', 'Harlan', 'Samuel R. Rutledge'),
(11, 'red', 'noodles', 'Research and Development', 'Furosemide', 'green', 'seven', 'Simvastatin', 'Lexapro', 'Divorced', '11', 'Waiuku', 'Neque Vitae Semper Corporation', 'LN1 4ZP', 'Brunei', 'North Island', '79.5722, 41.68175', 'Martina', 'Lee, Galvin B.', 'Tucker', 'Inez M. Gates'),
(12, 'red', 'stews', 'Finances', 'Amlodipine Besylate', 'blue', 'nine', 'Zyprexa', 'Furosemide', 'Married', '67', 'Jammu', 'Enim PC', '58826', 'Guernsey', 'Jammu and Kashmir', '-83.51974, -135.06394', 'Kadeem', 'Hawkins, Callum A.', 'Forrest', 'Brittany B. Frye'),
(13, 'green', 'desserts', 'Asset Management', 'Spiriva Handihaler', 'yellow', 'three', 'Trazodone HCl', 'Proair HFA', 'Married', '19', 'Valparaíso de Goiás', 'Id Mollis Industries', '90833', 'Cocos (Keeling) Islands', 'GO', '-4.55668, 84.57122', 'Zelenia', 'Wallace, Mia W.', 'Craig', 'Jael T. Weber'),
(14, 'red', 'sandwiches', 'Asset Management', 'Prednisone', 'violet', 'eight', 'Diazepam', 'APAP/Codeine', 'Single', '7', 'Freux', 'A Felis Ullamcorper Ltd', '32390', 'Falkland Islands', 'LX', '-51.49582, 7.73041', 'Caryn', 'Wallace, Adara J.', 'Brenden', 'Marshall F. Cherry'),
(15, 'violet', 'seafood', 'Human Resources', 'Gabapentin', 'blue', 'six', 'Amoxicillin', 'Vitamin D (Rx)', 'Divorced', '89', 'Kalisz', 'Tellus Corp.', '17372', 'Northern Mariana Islands', 'Wielkopolskie', '-54.25922, 148.17012', 'Isaac', 'Rosa, Rhiannon D.', 'Nigel', 'Hamish J. Hull'),
(16, 'orange', 'sandwiches', 'Research and Development', 'Cyclobenzaprin HCl', 'violet', 'three', 'Diazepam', 'Pantoprazole Sodium', 'Divorced', '1', 'Sikar', 'Tempor Est Inc.', '19113-205', 'Bouvet Island', 'RJ', '-0.80765, -16.73808', 'Hamish', 'Salas, Harlan A.', 'Ryan', 'Shad T. Atkins'),
(17, 'indigo', 'noodles', 'Sales and Marketing', 'Simvastatin', 'orange', 'eight', 'Lisinopril', 'Symbicort', 'Single', '17', 'Toruń', 'Fermentum Risus Inc.', '52896', 'India', 'Kujawsko-pomorskie', '-86.28753, -11.17859', 'Daphne', 'Douglas, Alexis J.', 'Sawyer', 'Linus B. Curtis'),
(18, 'violet', 'desserts', 'Tech Support', 'Omeprazole (Rx)', 'indigo', 'two', 'Amoxicillin', 'Alendronate Sodium', 'Married', '23', 'Cranbrook', 'Volutpat Corporation', '0536', 'Viet Nam', 'BC', '-41.358, 14.0985', 'Kameko', 'Weeks, Tarik H.', 'Lee', 'Devin N. Gibbs'),
(19, 'blue', 'seafood', 'Asset Management', 'Lexapro', 'blue', 'three', 'Lisinopril/Hydrochlorothiazide', 'Zyprexa', 'Married', '59', 'Uddevalla', 'Aliquet Molestie Tellus PC', '40214', 'Saint Barthélemy', 'O', '-77.5741, -109.93683', 'Stuart', 'Pacheco, Brielle B.', 'Raja', 'Cameran R. Cox'),
(20, 'orange', 'stews', 'Sales and Marketing', 'Atenolol', 'orange', 'ten', 'Zolpidem Tartrate', 'Atenolol', 'Married', '23', 'Zirl', 'Nunc Sed LLP', '59489-525', 'Indonesia', 'Tyrol', '-16.03209, 20.02107', 'Chelsea', 'Robbins, Bradley Y.', 'Thane', 'Alexandra Q. Glass'),
(21, 'yellow', 'cereals', 'Finances', 'Alprazolam', 'blue', 'two', 'Hydrocodone/APAP', 'Amlodipine Besylate', 'Single', '89', 'Corby', 'Fusce Aliquam Enim PC', 'M9S 8E1', 'Antigua and Barbuda', 'NT', '42.41602, 29.09418', 'Zeus', 'Lyons, Joshua G.', 'Barclay', 'Lucy B. Myers'),
(22, 'blue', 'noodles', 'Research and Development', 'Sulfamethoxazole/Trimethoprim', 'green', 'eight', 'Lorazepam', 'Ciprofloxacin HCl', 'Divorced', '5', 'Bay Roberts', 'Lorem Vehicula Et Corp.', '159359', 'Congo (Brazzaville)', 'Newfoundland and Labrador', '46.49527, 129.29083', 'Quinn', 'Levy, Ross A.', 'Erich', 'Alexandra C. Farrell'),
(23, 'green', 'sandwiches', 'Quality Assurance', 'Fluticasone Propionate', 'blue', 'ten', 'Amitriptyline HCl', 'Clonazepam', 'Married', '23', 'Redcliffe', 'Felis Ullamcorper Consulting', '17126', 'Moldova', 'Queensland', '62.82148, 15.583', 'Robin', 'Russell, Paloma B.', 'Hedley', 'Gloria O. Workman'),
(24, 'orange', 'sandwiches', 'Research and Development', 'Suboxone', 'blue', 'two', 'Proair HFA', 'Diovan', 'Married', '2', 'Masterton', 'A Enim Limited', '93032-601', 'Congo, the Democratic Republic of the', 'North Island', '-36.47694, -165.78877', 'Keith', 'Clark, Kaden Q.', 'Ferris', 'Ethan W. Everett'),
(25, 'orange', 'seafood', 'Sales and Marketing', 'Furosemide', 'yellow', 'ten', 'Lisinopril', 'Clonazepam', 'Common-Law', '43', 'Rochester', 'Et Incorporated', '424531', 'Switzerland', 'MN', '40.45317, 107.12127', 'Keelie', 'Combs, Berk Z.', 'Lance', 'Paul G. Andrews'),
(26, 'violet', 'salads', 'Public Relations', 'Oxycontin', 'green', 'nine', 'Hydrocodone/APAP', 'Alprazolam', 'Common-Law', '37', 'Kano', 'Eget Laoreet Institute', '2033', 'Iraq', 'KN', '78.67301, -69.12254', 'Jesse', 'Schultz, Benedict I.', 'Jerry', 'Uriah D. Robertson'),
(27, 'indigo', 'pasta', 'Human Resources', 'Prednisone', 'orange', 'six', 'Alprazolam', 'Metoprolol Succinatee', 'Married', '97', 'Donosti', 'A Tortor Institute', 'P57 7XX', 'American Samoa', 'Euskadi', '24.26182, 2.1772', 'Cole', 'Chambers, Melyssa T.', 'Leo', 'Rowan N. Rios'),
(28, 'green', 'desserts', 'Advertising', 'Simvastatin', 'indigo', 'three', 'Synthroid', 'Lexapro', 'Common-Law', '97', 'Aguacaliente (San Francisco)', 'Leo Cras Vehicula LLC', '9594', 'Marshall Islands', 'Cartago', '64.16328, 91.50349', 'Macon', 'Anthony, Ryan V.', 'Adam', 'Wynter P. Mccarthy'),
(29, 'yellow', 'sandwiches', 'Asset Management', 'Paroxetine HCl', 'green', 'seven', 'Tricor', 'Simvastatin', 'Married', '3', 'Carapicuíba', 'Cras Corporation', '16013', 'Congo (Brazzaville)', 'São Paulo', '-20.58904, 119.10996', 'Ashton', 'Scott, Lani J.', 'Nash', 'Jacqueline Q. Greer'),
(30, 'indigo', 'pies', 'Quality Assurance', 'Fluticasone Propionate', 'violet', 'one', 'TriNessa', 'Citalopram HBR', 'Common-Law', '89', 'Kawartha Lakes', 'Eu LLC', '10518', 'Estonia', 'ON', '39.96616, 52.43277', 'Tanner', 'Mercado, Linda Q.', 'Myles', 'Cherokee V. Olsen'),
(31, 'orange', 'seafood', 'Legal Department', 'Singulair', 'green', 'five', 'Tramadol HCl', 'Lisinopril', 'Married', '29', 'Belfast', 'Non Magna Nam Foundation', '24020-139', 'Svalbard and Jan Mayen Islands', 'U', '52.68375, 145.39345', 'Unity', 'Kirby, Gil O.', 'Jerome', 'Liberty U. Joyner'),
(32, 'orange', 'seafood', 'Payroll', 'Simvastatin', 'blue', 'two', 'Amlodipine Besylate', 'Omeprazole (Rx)', 'Married', '17', 'Vienna', 'Condimentum Eget Volutpat Industries', 'Y2P 9M1', 'Palestine, State of', 'Vienna', '63.42031, -171.78691', 'Michael', 'Cunningham, Tana J.', 'Zachary', 'Lydia I. Collins'),
(33, 'orange', 'pasta', 'Media Relations', 'Nasonex', 'orange', 'five', 'Amlodipine Besylate', 'Promethazine HCl', 'Common-Law', '5', 'Stockholm', 'Congue LLP', '04638', 'Uruguay', 'AB', '29.11287, 121.15931', 'Arthur', 'Mcpherson, Porter X.', 'Damian', 'Hu N. Jordan'),
(34, 'green', 'pies', 'Customer Relations', 'Furosemide', 'green', 'ten', 'Cephalexin', 'Bystolic', 'Single', '41', 'Township of Minden Hills', 'Risus Institute', '53061', 'Falkland Islands', 'ON', '-38.56516, 158.23383', 'Castor', 'Hood, Uriel A.', 'Zeus', 'Quinlan F. Curtis'),
(35, 'violet', 'pies', 'Payroll', 'Alendronate Sodium', 'red', 'eight', 'Amoxicillin', 'Lisinopril', 'Single', '71', 'Brisbane', 'Orci Quis LLP', '4114', 'Haiti', 'Queensland', '-69.56235, 98.21819', 'Norman', 'Dominguez, Tucker N.', 'Orson', 'Odette Y. Kirby'),
(36, 'yellow', 'seafood', 'Media Relations', 'Sulfamethoxazole/Trimethoprim', 'red', 'three', 'Amoxicillin', 'Simvastatin', 'Divorced', '3', 'Queanbeyan', 'Non Leo Corporation', '47947', 'Czech Republic', 'New South Wales', '-47.10357, 130.19149', 'Hammett', 'Best, Daquan W.', 'Channing', 'Constance U. Wilkinson'),
(37, 'blue', 'soups', 'Payroll', 'Cialis', 'blue', 'ten', 'Gianvi', 'Seroquel', 'Single', '71', 'Siedlce', 'Enim Commodo Limited', '763382', 'Guatemala', 'Mazowieckie', '20.04103, 6.7696', 'Kuame', 'Mccullough, Laurel R.', 'Colton', 'Uma A. Humphrey'),
(38, 'violet', 'desserts', 'Quality Assurance', 'Ranitidine HCl', 'violet', 'nine', 'Carvedilol', 'Simvastatin', 'Divorced', '73', 'Huelva', 'In Molestie Associates', '29860-069', 'Curaçao', 'Andalucía', '-67.48576, 119.2903', 'Amaya', 'Bentley, Lavinia Z.', 'Harding', 'Cadman B. Dixon'),
(39, 'indigo', 'sandwiches', 'Asset Management', 'Klor-Con M20', 'blue', 'two', 'Crestor', 'Oxycodone/APAP', 'Common-Law', '79', 'Martigues', 'Malesuada Augue Associates', '1181', 'Comoros', 'PR', '-11.08131, -20.99468', 'Brenda', 'Chase, Adena W.', 'Donovan', 'Cooper I. Prince'),
(40, 'red', 'pies', 'Finances', 'Prednisone', 'violet', 'ten', 'Pantoprazole Sodium', 'Fluticasone Propionate', 'Divorced', '89', 'La Baie', 'Tellus Aenean Industries', '432655', 'Burundi', 'Quebec', '34.90144, -179.81646', 'Rajah', 'Dorsey, Dexter U.', 'Jared', 'Dalton A. Larsen'),
(41, 'blue', 'desserts', 'Customer Relations', 'Diazepam', 'green', 'five', 'Lisinopril', 'Viagra', 'Divorced', '3', 'Wageningen', 'In Scelerisque Scelerisque Institute', '7575', 'South Africa', 'Gelderland', '52.08485, -83.42357', 'Josiah', 'Summers, Donovan K.', 'Lewis', 'Sophia P. Russell'),
(42, 'orange', 'sandwiches', 'Media Relations', 'Cymbalta', 'green', 'eight', 'Simvastatin', 'Tri-Sprintec', 'Common-Law', '13', 'Kohima', 'Est Consulting', '5766', 'Anguilla', 'NL', '-0.25569, -78.49763', 'Ramona', 'Marks, Isabella L.', 'Neville', 'Jermaine B. Curtis'),
(43, 'yellow', 'seafood', 'Finances', 'Furosemide', 'indigo', 'six', 'Diazepam', 'Potassium Chloride', 'Married', '43', 'Ciudad Real', 'Sapien Cras Corp.', '23769', 'Bulgaria', 'CM', '81.73638, -177.09831', 'Vincent', 'Holder, Vladimir E.', 'Rogan', 'Dylan I. Stark'),
(44, 'violet', 'pies', 'Customer Relations', 'Alprazolam', 'orange', 'six', 'Lantus Solostar', 'Cephalexin', 'Common-Law', '29', 'Villa Latina', 'Dolor Company', '1787', 'Falkland Islands', 'Lazio', '-15.2959, 138.02197', 'Tobias', 'Herman, Gail Y.', 'Brandon', 'Sharon O. Mccall'),
(45, 'orange', 'soups', 'Legal Department', 'Suboxone', 'red', 'six', 'Gabapentin', 'Diovan HCT', 'Common-Law', '61', 'Huesca', 'Orci Adipiscing Inc.', '45393', 'Micronesia', 'AR', '82.03656, 57.77952', 'Bo', 'Sharp, Kitra N.', 'Felix', 'Tanner C. Gibbs'),
(46, 'green', 'sandwiches', 'Accounting', 'Triamterene/Hydrochlorothiazide', 'green', 'three', 'Omeprazole (Rx)', 'Fluticasone Propionate', 'Single', '61', 'Albi', 'Suspendisse Aliquet Sem Institute', '5205', 'Fiji', 'MI', '-23.64076, 6.36943', 'Glenna', 'Hughes, Ian X.', 'August', 'Reed U. Mack'),
(47, 'green', 'stews', 'Public Relations', 'Lipitor', 'indigo', 'five', 'Cephalexin', 'Amoxicillin', 'Divorced', '83', 'Castri di Lecce', 'Nunc Ullamcorper Velit Company', '11318', 'San Marino', 'PUG', '-19.92178, 46.98664', 'Destiny', 'Norris, Lael Y.', 'Elvis', 'Louis E. Stevenson'),
(48, 'red', 'desserts', 'Human Resources', 'Oxycodone/APAP', 'orange', 'eight', 'Premarin', 'Cyclobenzaprin HCl', 'Single', '23', 'Marlborough', 'Aenean Eget PC', '60618', 'Virgin Islands, United States', 'Wiltshire', '38.39995, 127.29486', 'Hunter', 'Morris, Kamal Y.', 'Nathaniel', 'Cody N. Hull'),
(49, 'blue', 'desserts', 'Public Relations', 'Crestor', 'violet', 'six', 'Ranitidine HCl', 'Triamterene/Hydrochlorothiazide', 'Married', '61', 'Zwijndrecht', 'Dolor Nonummy Corp.', '69026', 'Guinea', 'AN', '46.46039, -23.17175', 'Deirdre', 'Chase, Raya I.', 'Chadwick', 'Aimee G. Donaldson'),
(50, 'blue', 'soups', 'Media Relations', 'Lorazepam', 'green', 'one', 'Ibuprofen (Rx)', 'Prednisone', 'Single', '23', 'Lichtaart', 'Aliquam Limited', '7298', 'Equatorial Guinea', 'Antwerpen', '79.82835, 115.66618', 'Cade', 'Conway, Rigel Y.', 'Lee', 'Jana Z. Duran'),
(51, 'orange', 'cereals', 'Media Relations', 'Tramadol HCl', 'green', 'one', 'Viagra', 'Alprazolam', 'Single', '53', 'Huntingdon', 'Eget Foundation', '34371-071', 'Uzbekistan', 'Huntingdonshire', '51.25181, -135.30948', 'Yael', 'Blevins, Warren J.', 'Ryder', 'Lareina L. Durham'),
(52, 'indigo', 'cereals', 'Accounting', 'Amoxicillin', 'red', 'five', 'Lisinopril', 'Vitamin D (Rx)', 'Divorced', '83', 'Davangere', 'Aliquam Consulting', '7755', 'Tuvalu', 'KA', '-6.34311, 26.70005', 'Jacqueline', 'Wilkins, Lucy W.', 'Dieter', 'Iona T. Harmon'),
(53, 'red', 'salads', 'Media Relations', 'Crestor', 'red', 'three', 'Levoxyl', 'Clonazepam', 'Common-Law', '61', 'Aylmer', 'In Aliquet Lobortis LLC', '05712', 'Australia', 'QC', '-15.67467, -145.55979', 'Yael', 'Ward, Blaze V.', 'Forrest', 'Aurelia D. Richmond'),
(54, 'green', 'noodles', 'Research and Development', 'Carvedilol', 'red', 'four', 'Simvastatin', 'Doxycycline Hyclate', 'Married', '2', 'Alcorcón', 'Amet Consulting', '4315', 'Tanzania', 'MA', '78.71165, 136.71283', 'Rajah', 'Bowen, Harding R.', 'Ignatius', 'Dawn I. Haley'),
(55, 'indigo', 'cereals', 'Finances', 'Prednisone', 'red', 'two', 'Triamterene/Hydrochlorothiazide', 'Azithromycin', 'Common-Law', '13', 'Mira Bhayandar', 'Dui Nec Urna PC', '09807', 'Belize', 'MH', '-3.60725, 168.33475', 'Alexander', 'Burgess, Levi V.', 'Denton', 'Amelia N. Diaz'),
(56, 'violet', 'desserts', 'Customer Service', 'LevothyroxineSodium', 'red', 'five', 'Ciprofloxacin HCl', 'Metformin HCl', 'Common-Law', '29', 'Roosendaal', 'Cras Associates', '44529', 'Angola', 'Noord Brabant', '31.25282, -23.37584', 'Clinton', 'Barnett, Meredith L.', 'Drake', 'Fatima H. Vargas'),
(57, 'red', 'sandwiches', 'Customer Relations', 'Simvastatin', 'red', 'eight', 'Alprazolam', 'Symbicort', 'Married', '17', 'Quesada', 'Imperdiet Industries', '0556', 'South Sudan', 'Alajuela', '14.95474, 169.56368', 'Hermione', 'Doyle, Serina V.', 'Hop', 'Ray I. Cabrera'),
(58, 'lovedaniel', NULL, NULL, NULL, NULL, NULL, NULL, NULL, NULL, NULL, NULL, NULL, NULL, NULL, NULL, NULL, NULL, NULL, NULL, NULL);


-- core list
-- contents bookmark
INSERT INTO `contentsbookmark` (`bookmarkID`, `bookmarkActionUserCode`, `boardCode`, `topCategoryCode`, `bookmarkBoardKind`, `bookmarkDate`) VALUES
(0, 7, 1, 0, 'contents', '2015-09-16 00:00:00'),
(1, 10, 2, 0, 'contents', '2016-02-09 00:00:00'),
(2, 6, 3, 0, 'contents', '2015-03-09 00:00:00'),
(3, 7, 4, 0, 'contents', '2016-04-14 00:00:00'),
(4, 4, 5, 0, 'contents', '2016-05-31 00:00:00'),
(5, 4, 6, 0, 'contents', '2017-05-22 00:00:00'),
(6, 1, 7, 0, 'contents', '2015-12-03 00:00:00'),
(7, 8, 8, 0, 'contents', '2016-12-10 00:00:00'),
(8, 10, 9, 0, 'contents', '2017-01-13 00:00:00'),
(9, 2, 10, 0, 'contents', '2016-07-16 00:00:00'),
(10, 8, 11, 0, 'contents', '2015-10-21 00:00:00'),
(11, 4, 12, 0, 'contents', '2016-06-11 00:00:00'),
(12, 1, 13, 0, 'contents', '2016-09-16 00:00:00'),
(13, 9, 14, 0, 'contents', '2016-10-21 00:00:00'),
(14, 3, 15, 0, 'contents', '2017-05-28 00:00:00'),
(15, 1, 16, 0, 'contents', '2016-12-04 00:00:00'),
(16, 2, 17, 0, 'contents', '2016-09-15 00:00:00'),
(17, 8, 18, 0, 'contents', '2016-12-12 00:00:00'),
(18, 10, 19, 0, 'contents', '2016-01-10 00:00:00'),
(19, 8, 20, 0, 'contents', '2015-04-08 00:00:00'),
(20, 4, 21, 0, 'contents', '2016-11-21 00:00:00'),
(21, 7, 22, 0, 'contents', '2016-06-23 00:00:00'),
(22, 4, 23, 0, 'contents', '2017-03-29 00:00:00'),
(23, 2, 24, 0, 'contents', '2015-12-15 00:00:00'),
(24, 10, 25, 0, 'contents', '2016-02-09 00:00:00'),
(25, 9, 26, 0, 'contents', '2015-06-09 00:00:00'),
(26, 8, 27, 0, 'contents', '2016-03-28 00:00:00'),
(27, 9, 28, 0, 'contents', '2016-06-14 00:00:00'),
(28, 3, 29, 0, 'contents', '2015-03-03 00:00:00'),
(29, 2, 30, 0, 'contents', '2015-11-17 00:00:00'),
(30, 10, 31, 0, 'contents', '2017-02-19 00:00:00'),
(31, 7, 32, 0, 'contents', '2016-08-01 00:00:00'),
(32, 5, 33, 0, 'contents', '2016-04-24 00:00:00'),
(33, 9, 34, 0, 'contents', '2016-03-29 00:00:00'),
(34, 8, 35, 0, 'contents', '2016-06-12 00:00:00'),
(35, 2, 36, 0, 'contents', '2017-03-28 00:00:00'),
(36, 3, 37, 0, 'contents', '2016-07-27 00:00:00'),
(37, 7, 38, 0, 'contents', '2016-12-04 00:00:00'),
(38, 2, 39, 0, 'contents', '2016-03-04 00:00:00'),
(39, 2, 40, 0, 'contents', '2016-06-12 00:00:00'),
(40, 5, 41, 0, 'contents', '2016-06-28 00:00:00'),
(41, 1, 42, 0, 'contents', '2015-07-05 00:00:00'),
(42, 8, 43, 0, 'contents', '2016-02-21 00:00:00'),
(43, 3, 44, 0, 'contents', '2016-05-30 00:00:00'),
(44, 10, 45, 0, 'contents', '2016-02-27 00:00:00'),
(45, 7, 46, 0, 'contents', '2016-12-01 00:00:00'),
(46, 6, 47, 0, 'contents', '2016-03-16 00:00:00'),
(47, 4, 48, 0, 'contents', '2015-02-14 00:00:00'),
(48, 5, 49, 0, 'contents', '2015-09-26 00:00:00'),
(49, 4, 50, 0, 'contents', '2015-06-24 00:00:00'),
(50, 4, 51, 0, 'contents', '2015-11-30 00:00:00'),
(51, 3, 52, 0, 'contents', '2015-02-27 00:00:00'),
(52, 1, 53, 0, 'contents', '2017-06-20 00:00:00'),
(53, 2, 54, 0, 'contents', '2015-10-18 00:00:00'),
(54, 6, 55, 0, 'contents', '2016-05-23 00:00:00'),
(55, 5, 56, 0, 'contents', '2016-03-14 00:00:00'),
(56, 3, 57, 0, 'contents', '2017-03-30 00:00:00'),
(57, 10, 58, 0, 'contents', '2016-05-08 00:00:00'),
(58, 3, 59, 0, 'contents', '2017-06-18 00:00:00')