
{
	"givetake" : {
		"like" : [320,124],
		"bookmark" : [12,3]
	},
	"worldmap" : [
		{
	        "id" : 200,
	        "title" : "South Korea",
	        "color" : "#48cfad",
	        "mouseEnabled": false 
	    },
	    {
	        "id" : 229,
	        "title" : "United State America",
	        "color" : "#48cfad",
	        "mouseEnabled": false
	    },
	    {
	        "id" : 72,
	        "title" : "France",
	        "color" : "#48cfad",
	        "mouseEnabled": false
	    },
	    {
	        "id" : 43,
	        "title" : "China",
	        "color" : "#48cfad",
	        "mouseEnabled": false
	    },
	    {
	        "id" : 28,
	        "title" : "Brazil",
	        "color" : "#48cfad",
	        "mouseEnabled": false
	    }
	],
	"timeline" : {
		"like" : [
		    {
		        "date": "2015-12-27",
		        "value": 13
		    }, 
		    {
		        "date": "2015-12-28",
		        "value": 11
		    }, 
		    {
		        "date": "2015-12-29",
		        "value": 15
		    }, 
		    {
		        "date": "2015-12-30",
		        "value": 16
		    }, 
		    {
		        "date": "2015-12-31",
		        "value": 18
		    }, 
		    {
		        "date": "2016-01-01",
		        "value": 13
		    }, 
		    {
		        "date": "2016-01-02",
		        "value": 22
		    }, 
		    {
		        "date": "2016-01-03",
		        "value": 23
		    }, 
		    {
		        "date": "2016-01-04",
		        "value": 20
		    }, 
		    {
		        "date": "2016-01-05",
		        "value": 17
		    }, 
		    {
		        "date": "2016-01-06",
		        "value": 16
		    }, 
		    {
		        "date": "2016-01-07",
		        "value": 18
		    }, 
		    {
		        "date": "2016-01-08",
		        "value": 21
		    }, 
		    {
		        "date": "2016-01-09",
		        "value": 26
		    }, 
		    {
		        "date": "2016-01-10",
		        "value": 24
		    }, 
		    {
		        "date": "2016-01-11",
		        "value": 29
		    }, 
		    {
		        "date": "2016-01-12",
		        "value": 32
		    }
		],
		"view" : [
		    {
		        "date": "2015-12-27",
		        "value": 100
		    }, 
		    {
		        "date": "2015-12-28",
		        "value": 81
		    }, 
		    {
		        "date": "2015-12-29",
		        "value": 250
		    }, 
		    {
		        "date": "2015-12-30",
		        "value": 262
		    }, 
		    {
		        "date": "2015-12-31",
		        "value": 302
		    }, 
		    {
		        "date": "2016-01-01",
		        "value": 312
		    }, 
		    {
		        "date": "2016-01-02",
		        "value": 356
		    }, 
		    {
		        "date": "2016-01-03",
		        "value": 281
		    }, 
		    {
		        "date": "2016-01-04",
		        "value": 370
		    }, 
		    {
		        "date": "2016-01-05",
		        "value": 359
		    }, 
		    {
		        "date": "2016-01-06",
		        "value": 302
		    }, 
		    {
		        "date": "2016-01-07",
		        "value": 410
		    }, 
		    {
		        "date": "2016-01-08",
		        "value": 397
		    }, 
		    {
		        "date": "2016-01-09",
		        "value": 312
		    }, 
		    {
		        "date": "2016-01-10",
		        "value": 356
		    }, 
		    {
		        "date": "2016-01-11",
		        "value": 402
		    }, 
		    {
		        "date": "2016-01-12",
		        "value": 440
		    }
		],
		"upload" : [
		    {
		        "date": "2015-12-27",
		        "value": 1
		    }, 
		    {
		        "date": "2015-12-28",
		        "value": 0
		    }, 
		    {
		        "date": "2015-12-29",
		        "value": 1
		    }, 
		    {
		        "date": "2015-12-30",
		        "value": 2
		    }, 
		    {
		        "date": "2015-12-31",
		        "value": 0
		    }, 
		    {
		        "date": "2016-01-01",
		        "value": 0
		    }, 
		    {
		        "date": "2016-01-02",
		        "value": 1
		    }, 
		    {
		        "date": "2016-01-03",
		        "value": 2
		    }, 
		    {
		        "date": "2016-01-04",
		        "value": 1
		    }, 
		    {
		        "date": "2016-01-05",
		        "value": 1
		    }, 
		    {
		        "date": "2016-01-06",
		        "value": 0
		    }, 
		    {
		        "date": "2016-01-07",
		        "value": 0
		    }, 
		    {
		        "date": "2016-01-08",
		        "value": 0
		    }, 
		    {
		        "date": "2016-01-09",
		        "value": 3
		    }, 
		    {
		        "date": "2016-01-10",
		        "value": 1
		    }, 
		    {
		        "date": "2016-01-11",
		        "value": 1
		    }, 
		    {
		        "date": "2016-01-12",
		        "value": 2
		    }
		],
		"download" : [
		    {
		        "date": "2015-12-27",
		        "value": 8
		    }, 
		    {
		        "date": "2015-12-28",
		        "value": 6
		    }, 
		    {
		        "date": "2015-12-29",
		        "value": 2
		    }, 
		    {
		        "date": "2015-12-30",
		        "value": 14
		    }, 
		    {
		        "date": "2015-12-31",
		        "value": 5
		    }, 
		    {
		        "date": "2016-01-01",
		        "value": 17
		    }, 
		    {
		        "date": "2016-01-02",
		        "value": 22
		    }, 
		    {
		        "date": "2016-01-03",
		        "value": 0
		    }, 
		    {
		        "date": "2016-01-04",
		        "value": 6
		    }, 
		    {
		        "date": "2016-01-05",
		        "value": 4
		    }, 
		    {
		        "date": "2016-01-06",
		        "value": 2
		    }, 
		    {
		        "date": "2016-01-07",
		        "value": 7
		    }, 
		    {
		        "date": "2016-01-08",
		        "value": 11
		    }, 
		    {
		        "date": "2016-01-09",
		        "value": 22
		    }, 
		    {
		        "date": "2016-01-10",
		        "value": 3
		    }, 
		    {
		        "date": "2016-01-11",
		        "value": 8
		    }, 
		    {
		        "date": "2016-01-12",
		        "value": 14
		    }
		]
	},
	"ranking" : {
		"content" : ["a","b","c","d","e"],
		"forum" : ["a","b","c","d","e"]
	}
}